lineage	sublineage
A	A.1,A.2,A.2.2,A.2.3,A.2.4,A.2.5,A.2.5.1,A.2.5.2,A.2.5.3,A.3,A.4,A.5,A.6,A.7,A.9,A.11,A.12,A.15,A.16,A.17,A.18,A.19,A.21,A.22,A.23,A.23.1,A.24,A.25,A.26,A.27,A.28,A.29,A.30
A.1	none
A.11	none
A.12	none
A.15	none
A.16	none
A.17	none
A.18	none
A.19	none
A.2	A.2.2,A.2.3,A.2.4,A.2.5,A.2.5.1,A.2.5.2,A.2.5.3
A.2.2	none
A.2.3	none
A.2.4	none
A.2.5	A.2.5.1,A.2.5.2,A.2.5.3
A.2.5.1	none
A.2.5.2	none
A.2.5.3	none
A.21	none
A.22	none
A.23	A.23.1
A.23.1	none
A.24	none
A.25	none
A.26	none
A.27	none
A.28	none
A.29	none
A.3	none
A.30	none
A.4	none
A.5	none
A.6	none
A.7	none
A.9	none
AA.1	none
AA.2	none
AA.3	none
AA.4	none
AA.5	none
AA.6	none
AA.7	none
AA.8	none
AB.1	none
AC.1	none
AD.1	none
AD.2	AD.2.1
AD.2.1	none
AE.1	none
AE.2	none
AE.3	none
AE.4	none
AE.5	none
AE.6	none
AE.7	none
AE.8	none
AF.1	none
AG.1	none
AH.1	none
AH.2	none
AH.3	none
AJ.1	none
AK.1	none
AK.2	none
AL.1	none
AM.1	none
AM.2	none
AM.3	none
AM.4	none
AN.1	none
AP.1	none
AQ.1	none
AQ.2	none
AS.1	none
AS.2	none
AT.1	none
AU.1	none
AU.2	none
AU.3	none
AV.1	none
AW.1	none
AY.1	none
AY.10	none
AY.100	none
AY.101	none
AY.102	AY.102.1,AY.102.2
AY.102.1	none
AY.102.2	none
AY.103	AY.103.1,AY.103.2
AY.103.1	none
AY.103.2	none
AY.104	none
AY.105	none
AY.106	none
AY.107	none
AY.108	none
AY.109	none
AY.11	none
AY.110	none
AY.111	none
AY.112	AY.112.1,AY.112.2,AY.112.3
AY.112.1	none
AY.112.2	none
AY.112.3	none
AY.113	none
AY.114	none
AY.116	AY.116.1
AY.116.1	none
AY.117	none
AY.118	none
AY.119	AY.119.1,AY.119.2
AY.119.1	none
AY.119.2	none
AY.120	AY.120.1,AY.120.2,AY.120.2.1
AY.120.1	none
AY.120.2	AY.120.2.1
AY.120.2.1	none
AY.121	AY.121.1
AY.121.1	none
AY.122	AY.122.1,AY.122.2,AY.122.3,AY.122.4,AY.122.5,AY.122.6
AY.122.1	none
AY.122.2	none
AY.122.3	none
AY.122.4	none
AY.122.5	none
AY.122.6	none
AY.123	AY.123.1
AY.123.1	none
AY.124	AY.124.1,AY.124.1.1
AY.124.1	AY.124.1.1
AY.124.1.1	none
AY.125	AY.125.1
AY.125.1	none
AY.126	none
AY.127	AY.127.1,AY.127.2,AY.127.3
AY.127.1	none
AY.127.2	none
AY.127.3	none
AY.128	none
AY.129	none
AY.13	none
AY.130	none
AY.131	none
AY.132	none
AY.133	none
AY.134	none
AY.14	none
AY.15	none
AY.16	AY.16.1
AY.16.1	none
AY.17	none
AY.18	none
AY.19	none
AY.2	none
AY.20	AY.20.1
AY.20.1	none
AY.21	none
AY.22	none
AY.23	AY.23.1,AY.23.2
AY.23.1	none
AY.23.2	none
AY.24	AY.24.1
AY.24.1	none
AY.25	AY.25.1,AY.25.1.1,AY.25.1.2,AY.25.2,AY.25.3
AY.25.1	AY.25.1.1,AY.25.1.2
AY.25.1.1	none
AY.25.1.2	none
AY.25.2	none
AY.25.3	none
AY.26	AY.26.1
AY.26.1	none
AY.27	none
AY.28	none
AY.29	AY.29.1,AY.29.2
AY.29.1	none
AY.29.2	none
AY.3	AY.3.1,AY.3.2,AY.3.3,AY.3.4
AY.3.1	none
AY.3.2	none
AY.3.3	none
AY.3.4	none
AY.30	none
AY.31	none
AY.32	none
AY.33	AY.33.1,AY.33.2
AY.33.1	none
AY.33.2	none
AY.34	AY.34.1,AY.34.1.1,AY.34.2
AY.34.1	AY.34.1.1
AY.34.1.1	none
AY.34.2	none
AY.35	none
AY.36	AY.36.1
AY.36.1	none
AY.37	none
AY.38	none
AY.39	AY.39.1,AY.39.1.1,AY.39.1.2,AY.39.1.3,AY.39.1.4,AY.39.2,AY.39.3
AY.39.1	AY.39.1.1,AY.39.1.2,AY.39.1.3,AY.39.1.4
AY.39.1.1	none
AY.39.1.2	none
AY.39.1.3	none
AY.39.1.4	none
AY.39.2	none
AY.39.3	none
AY.4	AY.4.1,AY.4.2,AY.4.2.1,AY.4.2.2,AY.4.2.3,AY.4.2.4,AY.4.2.5,AY.4.3,AY.4.4,AY.4.5,AY.4.6,AY.4.7,AY.4.8,AY.4.9,AY.4.10,AY.4.11,AY.4.12,AY.4.13,AY.4.14,AY.4.15,AY.4.16,AY.4.17
AY.4.1	none
AY.4.10	none
AY.4.11	none
AY.4.12	none
AY.4.13	none
AY.4.14	none
AY.4.15	none
AY.4.16	none
AY.4.17	none
AY.4.2	AY.4.2.1,AY.4.2.2,AY.4.2.3,AY.4.2.4,AY.4.2.5
AY.4.2.1	none
AY.4.2.2	none
AY.4.2.3	none
AY.4.2.4	none
AY.4.2.5	none
AY.4.3	none
AY.4.4	none
AY.4.5	none
AY.4.6	none
AY.4.7	none
AY.4.8	none
AY.4.9	none
AY.40	none
AY.41	none
AY.42	AY.42.1
AY.42.1	none
AY.43	AY.43.1,AY.43.2,AY.43.3,AY.43.4,AY.43.5,AY.43.6,AY.43.7,AY.43.8,AY.43.9
AY.43.1	none
AY.43.2	none
AY.43.3	none
AY.43.4	none
AY.43.5	none
AY.43.6	none
AY.43.7	none
AY.43.8	none
AY.43.9	none
AY.44	none
AY.45	none
AY.46	AY.46.1,AY.46.2,AY.46.3,AY.46.4,AY.46.5,AY.46.6,AY.46.6.1
AY.46.1	none
AY.46.2	none
AY.46.3	none
AY.46.4	none
AY.46.5	none
AY.46.6	AY.46.6.1
AY.46.6.1	none
AY.47	none
AY.48	none
AY.49	none
AY.5	AY.5.1,AY.5.2,AY.5.3,AY.5.4,AY.5.5,AY.5.6,AY.5.7
AY.5.1	none
AY.5.2	none
AY.5.3	none
AY.5.4	none
AY.5.5	none
AY.5.6	none
AY.5.7	none
AY.50	none
AY.51	none
AY.52	none
AY.53	none
AY.54	none
AY.55	none
AY.56	none
AY.57	none
AY.58	none
AY.59	none
AY.6	none
AY.60	none
AY.61	none
AY.62	none
AY.63	none
AY.64	none
AY.65	none
AY.66	none
AY.67	none
AY.68	none
AY.69	none
AY.7	AY.7.1,AY.7.2
AY.7.1	none
AY.7.2	none
AY.70	none
AY.71	none
AY.72	none
AY.73	none
AY.74	none
AY.75	AY.75.2,AY.75.3
AY.75.2	none
AY.75.3	none
AY.76	none
AY.77	none
AY.78	none
AY.79	none
AY.8	none
AY.80	none
AY.81	none
AY.82	none
AY.83	none
AY.84	none
AY.85	none
AY.86	none
AY.87	none
AY.88	none
AY.9	AY.9.2,AY.9.2.1,AY.9.2.2
AY.9.2	AY.9.2.1,AY.9.2.2
AY.9.2.1	none
AY.9.2.2	none
AY.90	none
AY.91	AY.91.1
AY.91.1	none
AY.92	none
AY.93	none
AY.94	none
AY.95	none
AY.98	AY.98.1,AY.98.1.1
AY.98.1	AY.98.1.1
AY.98.1.1	none
AY.99	AY.99.1,AY.99.2
AY.99.1	none
AY.99.2	none
AZ.1	none
AZ.2	AZ.2.1
AZ.2.1	none
AZ.3	none
AZ.4	none
AZ.5	none
AZ.6	none
B	B.1,B.1.1,B.1.1.1,C.1,C.1.1,C.1.2,C.2,C.2.1,C.3,C.4,C.5,C.6,C.7,C.8,C.9,C.10,C.11,C.12,C.13,C.14,C.16,C.17,C.18,C.19,C.20,C.21,C.22,C.23,C.25,C.26,C.27,C.28,C.29,C.30,C.30.1,C.31,C.32,C.33,C.34,C.35,C.36,C.36.1,C.36.2,C.36.3,C.36.3.1,C.37,C.37.1,C.38,C.39,C.40,B.1.1.3,B.1.1.4,B.1.1.5,B.1.1.7,Q.1,Q.2,Q.3,Q.4,Q.5,Q.6,Q.7,Q.8,B.1.1.8,B.1.1.10,L.1,L.2,L.3,L.4,B.1.1.12,B.1.1.13,B.1.1.14,B.1.1.15,B.1.1.16,B.1.1.17,B.1.1.25,D.2,D.3,D.4,D.5,B.1.1.26,B.1.1.27,B.1.1.28,P.1,P.1.1,P.1.2,P.1.3,P.1.4,P.1.5,P.1.6,P.1.7,P.1.7.1,P.1.8,P.1.9,P.1.10,P.1.10.1,P.1.10.2,P.1.11,P.1.12,P.1.12.1,P.1.13,P.1.14,P.1.15,P.1.16,P.1.17,P.1.17.1,P.2,P.3,P.4,P.5,P.6,P.7,B.1.1.29,B.1.1.30,B.1.1.31,B.1.1.33,N.1,N.2,N.3,N.4,N.5,N.6,N.7,N.8,N.9,N.10,B.1.1.34,B.1.1.37,B.1.1.38,B.1.1.39,AQ.1,AQ.2,B.1.1.40,B.1.1.41,B.1.1.43,B.1.1.44,B.1.1.45,B.1.1.46,B.1.1.47,B.1.1.48,B.1.1.49,B.1.1.50,B.1.1.51,B.1.1.52,B.1.1.53,B.1.1.54,B.1.1.55,B.1.1.56,B.1.1.57,B.1.1.58,B.1.1.59,B.1.1.61,B.1.1.62,B.1.1.63,B.1.1.67,B.1.1.70,AP.1,B.1.1.71,B.1.1.72,B.1.1.74,B.1.1.75,B.1.1.77,B.1.1.82,B.1.1.83,B.1.1.84,B.1.1.86,B.1.1.87,B.1.1.88,B.1.1.89,B.1.1.90,B.1.1.91,B.1.1.92,B.1.1.93,B.1.1.95,B.1.1.97,B.1.1.98,B.1.1.99,B.1.1.100,B.1.1.101,B.1.1.107,B.1.1.109,B.1.1.110,B.1.1.111,B.1.1.112,B.1.1.113,B.1.1.114,B.1.1.115,B.1.1.116,B.1.1.117,B.1.1.118,B.1.1.119,B.1.1.120,B.1.1.121,B.1.1.122,B.1.1.123,B.1.1.125,B.1.1.127,B.1.1.128,B.1.1.129,B.1.1.130,B.1.1.132,B.1.1.133,B.1.1.134,B.1.1.135,B.1.1.136,B.1.1.137,B.1.1.138,B.1.1.139,B.1.1.141,B.1.1.142,B.1.1.144,B.1.1.145,B.1.1.147,B.1.1.148,B.1.1.149,B.1.1.152,B.1.1.153,B.1.1.154,B.1.1.155,B.1.1.157,B.1.1.158,B.1.1.159,B.1.1.160,B.1.1.161,B.1.1.162,B.1.1.163,B.1.1.164,B.1.1.165,B.1.1.166,B.1.1.168,B.1.1.169,B.1.1.170,B.1.1.171,B.1.1.172,B.1.1.174,B.1.1.175,B.1.1.176,B.1.1.177,B.1.1.178,B.1.1.180,B.1.1.181,B.1.1.182,B.1.1.184,B.1.1.185,B.1.1.186,B.1.1.187,B.1.1.189,B.1.1.190,B.1.1.191,B.1.1.192,B.1.1.193,B.1.1.194,B.1.1.196,B.1.1.197,B.1.1.198,B.1.1.200,AN.1,B.1.1.201,B.1.1.202,B.1.1.203,B.1.1.204,B.1.1.205,B.1.1.207,B.1.1.208,B.1.1.209,B.1.1.210,B.1.1.213,B.1.1.214,B.1.1.216,AM.1,AM.2,AM.3,AM.4,B.1.1.217,S.1,B.1.1.218,B.1.1.219,B.1.1.220,B.1.1.221,B.1.1.222,B.1.1.224,B.1.1.225,B.1.1.226,B.1.1.227,B.1.1.228,B.1.1.229,B.1.1.230,B.1.1.231,AL.1,B.1.1.232,AK.1,AK.2,B.1.1.234,B.1.1.236,B.1.1.237,B.1.1.239,B.1.1.240,AJ.1,B.1.1.241,AH.1,AH.2,AH.3,B.1.1.242,B.1.1.243,B.1.1.244,B.1.1.249,B.1.1.251,B.1.1.253,B.1.1.254,B.1.1.255,B.1.1.256,B.1.1.257,B.1.1.258,B.1.1.261,B.1.1.262,B.1.1.263,B.1.1.265,B.1.1.266,B.1.1.267,B.1.1.268,B.1.1.269,B.1.1.270,B.1.1.271,B.1.1.272,B.1.1.273,B.1.1.274,B.1.1.275,B.1.1.277,K.1,K.2,K.3,B.1.1.279,B.1.1.280,B.1.1.282,B.1.1.283,B.1.1.284,B.1.1.285,B.1.1.286,B.1.1.288,B.1.1.289,B.1.1.290,B.1.1.291,B.1.1.294,M.1,M.2,M.3,B.1.1.296,B.1.1.297,AG.1,B.1.1.298,B.1.1.299,B.1.1.300,B.1.1.301,B.1.1.302,B.1.1.303,B.1.1.304,B.1.1.305,AF.1,B.1.1.306,AE.1,AE.2,AE.3,AE.4,AE.5,AE.6,AE.7,AE.8,B.1.1.307,B.1.1.308,B.1.1.309,B.1.1.310,B.1.1.311,B.1.1.312,B.1.1.315,AD.1,AD.2,AD.2.1,B.1.1.316,R.1,R.2,B.1.1.317,AS.1,AS.2,B.1.1.318,AZ.1,AZ.2,AZ.2.1,AZ.3,AZ.4,AZ.5,AZ.6,B.1.1.319,B.1.1.320,B.1.1.322,B.1.1.323,B.1.1.324,B.1.1.325,B.1.1.326,B.1.1.327,B.1.1.328,B.1.1.329,B.1.1.330,B.1.1.331,B.1.1.332,B.1.1.333,B.1.1.334,B.1.1.335,B.1.1.336,B.1.1.337,B.1.1.338,B.1.1.339,B.1.1.340,B.1.1.341,B.1.1.342,B.1.1.343,B.1.1.344,B.1.1.345,B.1.1.346,B.1.1.347,B.1.1.348,B.1.1.349,B.1.1.350,B.1.1.351,B.1.1.352,B.1.1.353,B.1.1.354,B.1.1.355,B.1.1.356,B.1.1.357,B.1.1.358,B.1.1.359,B.1.1.360,B.1.1.361,B.1.1.362,B.1.1.363,B.1.1.364,B.1.1.365,B.1.1.366,B.1.1.367,B.1.1.368,B.1.1.369,B.1.1.370,AT.1,B.1.1.371,B.1.1.372,B.1.1.373,B.1.1.374,B.1.1.375,B.1.1.376,B.1.1.377,B.1.1.378,B.1.1.379,B.1.1.380,B.1.1.381,B.1.1.382,B.1.1.383,B.1.1.384,B.1.1.385,B.1.1.386,B.1.1.387,B.1.1.388,B.1.1.389,B.1.1.391,B.1.1.392,B.1.1.393,B.1.1.394,B.1.1.395,B.1.1.396,B.1.1.397,B.1.1.398,B.1.1.399,B.1.1.400,B.1.1.401,B.1.1.402,B.1.1.403,B.1.1.404,B.1.1.405,AC.1,B.1.1.406,B.1.1.407,B.1.1.408,B.1.1.409,B.1.1.410,B.1.1.411,B.1.1.412,B.1.1.413,B.1.1.414,B.1.1.415,B.1.1.416,B.1.1.417,B.1.1.418,B.1.1.419,B.1.1.420,B.1.1.421,B.1.1.422,B.1.1.423,B.1.1.424,B.1.1.425,B.1.1.426,B.1.1.427,B.1.1.428,B.1.1.429,B.1.1.430,B.1.1.431,B.1.1.432,B.1.1.433,B.1.1.434,B.1.1.435,B.1.1.436,B.1.1.437,B.1.1.438,B.1.1.440,B.1.1.441,B.1.1.442,B.1.1.444,B.1.1.445,B.1.1.446,B.1.1.447,B.1.1.448,B.1.1.449,B.1.1.450,B.1.1.451,B.1.1.452,B.1.1.453,B.1.1.456,B.1.1.458,B.1.1.459,B.1.1.461,B.1.1.462,B.1.1.463,B.1.1.464,AW.1,B.1.1.465,B.1.1.466,B.1.1.467,B.1.1.480,B.1.1.481,B.1.1.482,AV.1,B.1.1.483,B.1.1.484,B.1.1.485,B.1.1.486,B.1.1.487,B.1.1.500,B.1.1.506,B.1.1.507,B.1.1.512,B.1.1.513,B.1.1.514,B.1.1.515,B.1.1.516,B.1.1.517,B.1.1.518,B.1.1.519,B.1.1.521,B.1.1.522,B.1.1.523,B.1.1.524,B.1.1.525,B.1.1.526,B.1.1.528,BA.1,BA.1.1,BA.1.1.1,BC.1,BC.2,BA.1.1.2,BA.1.1.3,BA.1.1.4,BA.1.1.5,BA.1.1.6,BA.1.1.7,BA.1.1.8,BA.1.1.9,BA.1.1.10,BA.1.1.11,BA.1.1.12,BA.1.1.13,BA.1.1.14,BA.1.1.15,BA.1.1.16,BA.1.1.17,BA.1.1.18,BA.1.2,BA.1.3,BA.1.4,BA.1.5,BA.1.6,BA.1.7,BA.1.8,BA.1.9,BA.1.10,BA.1.12,BA.1.13,BA.1.13.1,BA.1.14,BA.1.14.1,BA.1.14.2,BA.1.15,BA.1.15.1,BA.1.15.2,BA.1.15.3,BA.1.16,BA.1.16.1,BA.1.16.2,BA.1.17,BA.1.17.1,BA.1.17.2,BD.1,BA.1.18,BA.1.19,BA.1.20,BA.1.21,BA.1.21.1,BA.1.22,BA.1.23,BA.1.24,BA.2,BA.2.1,BA.2.2,BA.2.2.1,BA.2.3,BA.2.3.1,BA.2.3.2,BA.2.3.4,BA.2.3.5,BA.2.3.6,BA.2.3.7,BA.2.3.8,BA.2.3.9,BA.2.3.10,BA.2.3.11,BA.2.3.12,BA.2.3.13,BA.2.3.14,BA.2.3.15,BA.2.3.16,BP.1,BA.2.3.17,BA.2.3.18,BA.2.3.19,BA.2.3.20,BA.2.4,BA.2.5,BA.2.6,BA.2.7,BA.2.8,BA.2.9,BA.2.9.1,BA.2.9.2,BA.2.9.3,BA.2.9.4,BA.2.9.5,BA.2.9.6,BA.2.10,BA.2.10.1,BJ.1,BA.2.10.2,BA.2.10.3,BA.2.10.4,BA.2.11,BA.2.12,BA.2.12.1,BG.1,BG.2,BG.3,BG.4,BG.5,BG.6,BA.2.12.2,BA.2.13,BA.2.13.1,BA.2.14,BA.2.15,BA.2.16,BA.2.17,BA.2.18,BA.2.19,BA.2.20,BA.2.21,BA.2.22,BA.2.23,BA.2.23.1,BA.2.24,BA.2.25,BA.2.25.1,BA.2.26,BA.2.27,BA.2.28,BA.2.29,BA.2.30,BA.2.31,BA.2.32,BA.2.33,BA.2.34,BA.2.35,BA.2.36,BA.2.37,BA.2.38,BA.2.38.1,BA.2.38.2,BA.2.38.3,BH.1,BA.2.39,BA.2.40,BA.2.40.1,BA.2.41,BA.2.42,BA.2.43,BA.2.44,BA.2.45,BA.2.46,BA.2.47,BA.2.48,BA.2.49,BA.2.50,BA.2.51,BA.2.52,BA.2.53,BA.2.54,BA.2.55,BA.2.56,BA.2.56.1,BA.2.57,BA.2.58,BA.2.59,BA.2.60,BA.2.61,BA.2.62,BA.2.63,BA.2.64,BA.2.65,BA.2.66,BA.2.67,BA.2.68,BA.2.69,BA.2.70,BA.2.71,BA.2.72,BA.2.73,BA.2.74,BA.2.75,BA.2.75.1,BL.1,BL.2,BL.3,BL.4,BA.2.75.2,BA.2.75.3,BM.1,BM.1.1,BM.2,BM.3,BA.2.75.4,BR.1,BA.2.75.5,BN.1,BN.2,BN.2.1,BA.2.75.6,BA.2.75.7,BA.2.76,BA.2.76.1,BA.2.76.2,BA.2.77,BA.2.78,BA.2.79,BA.2.79.1,BA.2.80,BA.2.81,BA.2.82,BA.3,BA.3.1,BA.4,BA.4.1,BA.4.1.1,BA.4.1.2,BA.4.1.3,BA.4.1.4,BA.4.1.5,BA.4.1.6,BA.4.1.7,BA.4.1.8,BA.4.1.9,BA.4.2,BA.4.3,BA.4.4,BA.4.5,BA.4.6,BA.4.7,BA.4.8,BA.5,BA.5.1,BA.5.1.1,BA.5.1.2,BA.5.1.3,BA.5.1.4,BA.5.1.5,BA.5.1.6,BA.5.1.7,BA.5.1.8,BA.5.1.9,BA.5.1.10,BK.1,BA.5.1.11,BA.5.1.12,BA.5.1.13,BA.5.1.14,BA.5.1.15,BA.5.1.16,BA.5.1.17,BA.5.1.18,BA.5.1.19,BA.5.2,BA.5.2.1,BF.1,BF.1.1,BF.2,BF.3,BF.3.1,BF.4,BF.5,BF.6,BF.7,BF.8,BF.9,BF.10,BF.11,BF.12,BF.13,BF.14,BF.15,BF.16,BF.17,BF.18,BF.19,BF.20,BF.21,BF.22,BA.5.2.2,BA.5.2.3,BA.5.2.4,BA.5.2.5,BA.5.2.6,BA.5.2.7,BA.5.2.8,BA.5.2.9,BA.5.2.10,BA.5.2.11,BA.5.2.12,BA.5.3,BA.5.3.1,BE.1,BE.1.1,BE.1.1.1,BQ.1,BE.1.2,BE.1.3,BE.2,BE.3,BA.5.3.2,BA.5.3.3,BA.5.3.4,BA.5.5,BA.5.5.1,BA.5.5.2,BA.5.5.3,BA.5.6,BA.5.6.1,BA.5.6.2,BA.5.7,BA.5.8,BA.5.9,BA.5.10,B.1.2,B.1.3,B.1.6,B.1.8,B.1.9,B.1.9.1,B.1.9.2,B.1.9.3,B.1.9.4,B.1.9.5,B.1.12,B.1.13,B.1.14,B.1.22,B.1.22.1,B.1.23,B.1.35,B.1.36,B.1.36.1,B.1.36.2,B.1.36.7,B.1.36.8,B.1.36.9,B.1.36.10,B.1.36.12,B.1.36.16,B.1.36.17,B.1.36.18,B.1.36.19,B.1.36.20,B.1.36.21,B.1.36.22,B.1.36.23,B.1.36.24,B.1.36.25,B.1.36.26,B.1.36.27,B.1.36.28,B.1.36.29,B.1.36.31,B.1.36.33,B.1.36.34,B.1.36.35,B.1.36.36,B.1.36.37,B.1.36.38,B.1.36.39,B.1.37,B.1.38,B.1.39,B.1.40,B.1.44,B.1.67,B.1.69,B.1.70,B.1.76,B.1.77,B.1.78,B.1.81,B.1.83,B.1.84,B.1.91,B.1.93,B.1.94,B.1.96,B.1.97,B.1.103,B.1.104,B.1.105,B.1.106,B.1.108,B.1.110,B.1.110.1,B.1.110.2,B.1.110.3,B.1.111,B.1.112,B.1.113,B.1.115,B.1.116,B.1.117,B.1.118,B.1.119,B.1.120,B.1.124,B.1.126,B.1.127,B.1.128,B.1.131,B.1.134,B.1.137,B.1.139,B.1.140,B.1.142,B.1.143,B.1.145,B.1.146,B.1.147,B.1.149,B.1.151,B.1.153,B.1.157,B.1.158,B.1.159,B.1.160,B.1.160.7,B.1.160.8,B.1.160.9,B.1.160.10,B.1.160.11,B.1.160.12,B.1.160.13,B.1.160.14,B.1.160.15,B.1.160.16,AB.1,B.1.160.17,B.1.160.18,B.1.160.19,B.1.160.20,B.1.160.21,B.1.160.22,B.1.160.23,B.1.160.24,B.1.160.25,B.1.160.26,B.1.160.27,B.1.160.28,B.1.160.29,B.1.160.30,B.1.160.31,B.1.160.32,B.1.160.33,B.1.161,B.1.162,B.1.163,B.1.164,B.1.165,B.1.166,B.1.167,B.1.168,B.1.169,B.1.170,B.1.173,B.1.177,B.1.177.2,B.1.177.3,B.1.177.4,B.1.177.5,B.1.177.6,B.1.177.7,B.1.177.8,B.1.177.9,B.1.177.10,B.1.177.11,B.1.177.12,B.1.177.14,B.1.177.15,AA.1,AA.2,AA.3,AA.4,AA.5,AA.6,AA.7,AA.8,B.1.177.16,B.1.177.17,B.1.177.18,B.1.177.19,B.1.177.20,B.1.177.21,B.1.177.23,B.1.177.24,B.1.177.25,B.1.177.26,B.1.177.27,B.1.177.28,B.1.177.29,B.1.177.30,B.1.177.31,B.1.177.32,B.1.177.33,B.1.177.34,B.1.177.35,B.1.177.36,B.1.177.37,B.1.177.38,B.1.177.39,B.1.177.40,B.1.177.41,B.1.177.42,B.1.177.43,B.1.177.44,B.1.177.45,B.1.177.46,B.1.177.47,B.1.177.48,B.1.177.49,B.1.177.50,Z.1,B.1.177.51,B.1.177.52,Y.1,B.1.177.53,W.1,W.2,W.3,W.4,B.1.177.54,V.1,V.2,B.1.177.55,B.1.177.56,B.1.177.57,B.1.177.58,B.1.177.59,B.1.177.60,U.1,U.2,U.3,B.1.177.61,B.1.177.62,B.1.177.63,B.1.177.64,B.1.177.65,B.1.177.66,B.1.177.67,B.1.177.68,B.1.177.69,B.1.177.70,B.1.177.71,B.1.177.72,B.1.177.73,B.1.177.74,B.1.177.75,B.1.177.76,B.1.177.77,B.1.177.78,B.1.177.80,B.1.177.81,B.1.177.82,B.1.177.83,B.1.177.84,B.1.177.85,B.1.177.86,B.1.177.87,B.1.177.88,B.1.177.89,B.1.178,B.1.179,B.1.180,B.1.181,B.1.182,B.1.184,B.1.187,B.1.188,B.1.189,B.1.190,B.1.192,B.1.194,B.1.195,B.1.198,B.1.199,B.1.201,B.1.203,B.1.205,B.1.206,B.1.208,B.1.210,B.1.211,B.1.212,B.1.213,B.1.214,B.1.214.1,B.1.214.2,B.1.214.3,B.1.214.4,B.1.215,B.1.218,B.1.219,B.1.220,B.1.221,B.1.221.1,B.1.221.2,B.1.221.3,B.1.221.4,B.1.222,B.1.223,B.1.224,B.1.225,B.1.227,B.1.229,B.1.231,B.1.232,B.1.233,B.1.234,B.1.235,B.1.236,B.1.237,B.1.238,B.1.239,B.1.240,B.1.240.1,B.1.240.2,B.1.241,B.1.242,B.1.243,B.1.243.1,B.1.243.2,B.1.245,B.1.247,B.1.248,B.1.249,B.1.250,B.1.251,B.1.252,B.1.254,B.1.256,B.1.258,B.1.258.2,G.1,B.1.258.3,B.1.258.4,B.1.258.5,B.1.258.6,B.1.258.7,B.1.258.9,B.1.258.10,B.1.258.11,B.1.258.12,B.1.258.14,B.1.258.15,B.1.258.16,B.1.258.17,B.1.258.18,B.1.258.19,B.1.258.20,B.1.258.21,B.1.258.22,B.1.258.23,B.1.258.24,B.1.260,B.1.263,B.1.264,B.1.264.1,B.1.265,B.1.267,B.1.268,B.1.270,B.1.273,B.1.274,B.1.276,B.1.277,B.1.279,B.1.280,B.1.281,B.1.282,B.1.284,B.1.285,B.1.287,B.1.289,B.1.291,B.1.292,B.1.293,B.1.294,B.1.298,B.1.301,B.1.302,B.1.304,B.1.305,B.1.306,B.1.308,B.1.309,B.1.310,B.1.311,B.1.313,B.1.314,B.1.315,B.1.316,B.1.318,B.1.319,B.1.320,B.1.321,B.1.323,B.1.324,B.1.325,B.1.326,B.1.328,B.1.329,B.1.330,B.1.332,B.1.333,B.1.334,B.1.335,B.1.336,B.1.337,B.1.338,B.1.340,B.1.341,B.1.342,B.1.343,B.1.344,B.1.346,B.1.348,B.1.349,B.1.350,B.1.350.1,B.1.351,B.1.351.1,B.1.351.2,B.1.351.3,B.1.351.5,B.1.354,B.1.355,B.1.356,B.1.357,B.1.358,B.1.359,B.1.360,B.1.361,B.1.362,B.1.362.1,B.1.362.2,B.1.363,B.1.366,B.1.367,B.1.369,B.1.369.1,B.1.370,B.1.371,B.1.372,B.1.375,B.1.377,B.1.378,B.1.379,B.1.380,B.1.381,B.1.382,B.1.383,B.1.384,B.1.385,B.1.387,B.1.388,B.1.389,B.1.390,B.1.391,B.1.393,B.1.395,B.1.396,B.1.397,B.1.398,B.1.399,B.1.400,B.1.400.1,B.1.401,B.1.402,B.1.403,B.1.404,B.1.405,B.1.406,B.1.407,B.1.408,B.1.409,B.1.411,B.1.413,B.1.415,B.1.415.1,B.1.416,B.1.416.1,B.1.417,B.1.418,B.1.420,B.1.421,B.1.422,B.1.423,B.1.424,B.1.425,B.1.426,B.1.427,B.1.428,B.1.428.1,B.1.428.2,B.1.428.3,B.1.429,B.1.429.1,B.1.431,B.1.432,B.1.433,B.1.434,B.1.435,B.1.436,B.1.437,B.1.438,B.1.438.1,B.1.438.2,B.1.438.3,B.1.438.4,B.1.439,B.1.441,B.1.442,B.1.443,B.1.444,B.1.445,B.1.446,B.1.448,B.1.450,B.1.451,B.1.452,B.1.453,B.1.456,B.1.458,B.1.459,B.1.460,B.1.462,B.1.463,B.1.465,B.1.466,B.1.466.1,B.1.466.2,AU.1,AU.2,AU.3,B.1.467,B.1.468,B.1.469,B.1.470,B.1.471,B.1.473,B.1.474,B.1.475,B.1.476,B.1.478,B.1.479,B.1.480,B.1.482,B.1.483,B.1.485,B.1.486,B.1.487,B.1.488,B.1.489,B.1.490,B.1.491,B.1.492,B.1.493,B.1.494,B.1.495,B.1.496,B.1.497,B.1.498,B.1.499,B.1.499.1,B.1.500,B.1.501,B.1.502,B.1.503,B.1.504,B.1.505,B.1.506,B.1.507,B.1.508,B.1.509,B.1.510,B.1.511,B.1.513,B.1.515,B.1.516,B.1.517,B.1.517.1,B.1.518,B.1.520,B.1.521,B.1.523,B.1.524,B.1.525,B.1.526,B.1.527,B.1.528,B.1.529,B.1.530,B.1.531,B.1.532,B.1.533,B.1.534,B.1.535,B.1.536,B.1.537,B.1.538,B.1.539,B.1.540,B.1.541,B.1.542,B.1.543,B.1.544,B.1.545,B.1.546,B.1.547,B.1.548,B.1.549,B.1.550,B.1.551,B.1.552,B.1.554,B.1.555,B.1.556,B.1.557,B.1.558,B.1.559,B.1.560,B.1.561,B.1.562,B.1.563,B.1.564,B.1.564.1,B.1.565,B.1.566,B.1.567,B.1.568,B.1.569,B.1.570,B.1.571,B.1.572,B.1.573,B.1.574,B.1.575,B.1.575.1,B.1.575.2,B.1.576,B.1.577,B.1.578,B.1.579,B.1.580,B.1.581,B.1.582,B.1.585,B.1.586,B.1.587,B.1.588,B.1.588.1,B.1.589,B.1.590,B.1.591,B.1.592,B.1.593,B.1.594,B.1.595,B.1.595.1,B.1.595.2,B.1.595.3,B.1.595.4,B.1.596,B.1.596.1,B.1.597,B.1.598,B.1.599,B.1.600,B.1.601,B.1.602,B.1.603,B.1.604,B.1.605,B.1.606,B.1.607,B.1.609,B.1.610,B.1.611,B.1.612,B.1.613,B.1.614,B.1.615,B.1.616,B.1.617,B.1.617.1,B.1.617.2,AY.1,AY.2,AY.3,AY.3.1,AY.3.2,AY.3.3,AY.3.4,AY.4,AY.4.1,AY.4.2,AY.4.2.1,AY.4.2.2,AY.4.2.3,AY.4.2.4,AY.4.2.5,AY.4.3,AY.4.4,AY.4.5,AY.4.6,AY.4.7,AY.4.8,AY.4.9,AY.4.10,AY.4.11,AY.4.12,AY.4.13,AY.4.14,AY.4.15,AY.4.16,AY.4.17,AY.5,AY.5.1,AY.5.2,AY.5.3,AY.5.4,AY.5.5,AY.5.6,AY.5.7,AY.6,AY.7,AY.7.1,AY.7.2,AY.8,AY.9,AY.9.2,AY.9.2.1,AY.9.2.2,AY.10,AY.11,AY.13,AY.14,AY.15,AY.16,AY.16.1,AY.17,AY.18,AY.19,AY.20,AY.20.1,AY.21,AY.22,AY.23,AY.23.1,AY.23.2,AY.24,AY.24.1,AY.25,AY.25.1,AY.25.1.1,AY.25.1.2,AY.25.2,AY.25.3,AY.26,AY.26.1,AY.27,AY.28,AY.29,AY.29.1,AY.29.2,AY.30,AY.31,AY.32,AY.33,AY.33.1,AY.33.2,AY.34,AY.34.1,AY.34.1.1,AY.34.2,AY.35,AY.36,AY.36.1,AY.37,AY.38,AY.39,AY.39.1,AY.39.1.1,AY.39.1.2,AY.39.1.3,AY.39.1.4,AY.39.2,AY.39.3,AY.40,AY.41,AY.42,AY.42.1,AY.43,AY.43.1,AY.43.2,AY.43.3,AY.43.4,AY.43.5,AY.43.6,AY.43.7,AY.43.8,AY.43.9,AY.44,AY.45,AY.46,AY.46.1,AY.46.2,AY.46.3,AY.46.4,AY.46.5,AY.46.6,AY.46.6.1,AY.47,AY.48,AY.49,AY.50,AY.51,AY.52,AY.53,AY.54,AY.55,AY.56,AY.57,AY.58,AY.59,AY.60,AY.61,AY.62,AY.63,AY.64,AY.65,AY.66,AY.67,AY.68,AY.69,AY.70,AY.71,AY.72,AY.73,AY.74,AY.75,AY.75.2,AY.75.3,AY.76,AY.77,AY.78,AY.79,AY.80,AY.81,AY.82,AY.83,AY.84,AY.85,AY.86,AY.87,AY.88,AY.90,AY.91,AY.91.1,AY.92,AY.93,AY.94,AY.95,AY.98,AY.98.1,AY.98.1.1,AY.99,AY.99.1,AY.99.2,AY.100,AY.101,AY.102,AY.102.1,AY.102.2,AY.103,AY.103.1,AY.103.2,AY.104,AY.105,AY.106,AY.107,AY.108,AY.109,AY.110,AY.111,AY.112,AY.112.1,AY.112.2,AY.112.3,AY.113,AY.114,AY.116,AY.116.1,AY.117,AY.118,AY.119,AY.119.1,AY.119.2,AY.120,AY.120.1,AY.120.2,AY.120.2.1,AY.121,AY.121.1,AY.122,AY.122.1,AY.122.2,AY.122.3,AY.122.4,AY.122.5,AY.122.6,AY.123,AY.123.1,AY.124,AY.124.1,AY.124.1.1,AY.125,AY.125.1,AY.126,AY.127,AY.127.1,AY.127.2,AY.127.3,AY.128,AY.129,AY.130,AY.131,AY.132,AY.133,AY.134,B.1.617.3,B.1.618,B.1.619,B.1.619.1,B.1.620,B.1.621,B.1.621.1,BB.2,B.1.621.2,B.1.622,B.1.623,B.1.625,B.1.626,B.1.627,B.1.629,B.1.630,B.1.631,B.1.632,B.1.633,B.1.634,B.1.635,B.1.636,B.1.637,B.1.637.1,B.1.638,B.1.639,B.1.640.1,B.1.640.2,B.1.641,B.3,B.3.1,B.4,B.4.1,B.4.2,B.4.4,B.4.5,B.4.6,B.4.7,B.4.8,B.5,B.6,B.6.1,B.6.2,B.6.3,B.6.4,B.6.5,B.6.6,B.6.8,B.10,B.11,B.12,B.13,B.15,B.18,B.19,B.20,B.23,B.26,B.27,B.28,B.29,B.30,B.31,B.32,B.33,B.34,B.35,B.36,B.37,B.38,B.39,B.40,B.41,B.42,B.43,B.44,B.45,B.46,B.47,B.49,B.50,B.51,B.52,B.53,B.55,B.56,B.57,B.58,B.60,B.61
B.1	B.1.1,B.1.1.1,C.1,C.1.1,C.1.2,C.2,C.2.1,C.3,C.4,C.5,C.6,C.7,C.8,C.9,C.10,C.11,C.12,C.13,C.14,C.16,C.17,C.18,C.19,C.20,C.21,C.22,C.23,C.25,C.26,C.27,C.28,C.29,C.30,C.30.1,C.31,C.32,C.33,C.34,C.35,C.36,C.36.1,C.36.2,C.36.3,C.36.3.1,C.37,C.37.1,C.38,C.39,C.40,B.1.1.3,B.1.1.4,B.1.1.5,B.1.1.7,Q.1,Q.2,Q.3,Q.4,Q.5,Q.6,Q.7,Q.8,B.1.1.8,B.1.1.10,L.1,L.2,L.3,L.4,B.1.1.12,B.1.1.13,B.1.1.14,B.1.1.15,B.1.1.16,B.1.1.17,B.1.1.25,D.2,D.3,D.4,D.5,B.1.1.26,B.1.1.27,B.1.1.28,P.1,P.1.1,P.1.2,P.1.3,P.1.4,P.1.5,P.1.6,P.1.7,P.1.7.1,P.1.8,P.1.9,P.1.10,P.1.10.1,P.1.10.2,P.1.11,P.1.12,P.1.12.1,P.1.13,P.1.14,P.1.15,P.1.16,P.1.17,P.1.17.1,P.2,P.3,P.4,P.5,P.6,P.7,B.1.1.29,B.1.1.30,B.1.1.31,B.1.1.33,N.1,N.2,N.3,N.4,N.5,N.6,N.7,N.8,N.9,N.10,B.1.1.34,B.1.1.37,B.1.1.38,B.1.1.39,AQ.1,AQ.2,B.1.1.40,B.1.1.41,B.1.1.43,B.1.1.44,B.1.1.45,B.1.1.46,B.1.1.47,B.1.1.48,B.1.1.49,B.1.1.50,B.1.1.51,B.1.1.52,B.1.1.53,B.1.1.54,B.1.1.55,B.1.1.56,B.1.1.57,B.1.1.58,B.1.1.59,B.1.1.61,B.1.1.62,B.1.1.63,B.1.1.67,B.1.1.70,AP.1,B.1.1.71,B.1.1.72,B.1.1.74,B.1.1.75,B.1.1.77,B.1.1.82,B.1.1.83,B.1.1.84,B.1.1.86,B.1.1.87,B.1.1.88,B.1.1.89,B.1.1.90,B.1.1.91,B.1.1.92,B.1.1.93,B.1.1.95,B.1.1.97,B.1.1.98,B.1.1.99,B.1.1.100,B.1.1.101,B.1.1.107,B.1.1.109,B.1.1.110,B.1.1.111,B.1.1.112,B.1.1.113,B.1.1.114,B.1.1.115,B.1.1.116,B.1.1.117,B.1.1.118,B.1.1.119,B.1.1.120,B.1.1.121,B.1.1.122,B.1.1.123,B.1.1.125,B.1.1.127,B.1.1.128,B.1.1.129,B.1.1.130,B.1.1.132,B.1.1.133,B.1.1.134,B.1.1.135,B.1.1.136,B.1.1.137,B.1.1.138,B.1.1.139,B.1.1.141,B.1.1.142,B.1.1.144,B.1.1.145,B.1.1.147,B.1.1.148,B.1.1.149,B.1.1.152,B.1.1.153,B.1.1.154,B.1.1.155,B.1.1.157,B.1.1.158,B.1.1.159,B.1.1.160,B.1.1.161,B.1.1.162,B.1.1.163,B.1.1.164,B.1.1.165,B.1.1.166,B.1.1.168,B.1.1.169,B.1.1.170,B.1.1.171,B.1.1.172,B.1.1.174,B.1.1.175,B.1.1.176,B.1.1.177,B.1.1.178,B.1.1.180,B.1.1.181,B.1.1.182,B.1.1.184,B.1.1.185,B.1.1.186,B.1.1.187,B.1.1.189,B.1.1.190,B.1.1.191,B.1.1.192,B.1.1.193,B.1.1.194,B.1.1.196,B.1.1.197,B.1.1.198,B.1.1.200,AN.1,B.1.1.201,B.1.1.202,B.1.1.203,B.1.1.204,B.1.1.205,B.1.1.207,B.1.1.208,B.1.1.209,B.1.1.210,B.1.1.213,B.1.1.214,B.1.1.216,AM.1,AM.2,AM.3,AM.4,B.1.1.217,S.1,B.1.1.218,B.1.1.219,B.1.1.220,B.1.1.221,B.1.1.222,B.1.1.224,B.1.1.225,B.1.1.226,B.1.1.227,B.1.1.228,B.1.1.229,B.1.1.230,B.1.1.231,AL.1,B.1.1.232,AK.1,AK.2,B.1.1.234,B.1.1.236,B.1.1.237,B.1.1.239,B.1.1.240,AJ.1,B.1.1.241,AH.1,AH.2,AH.3,B.1.1.242,B.1.1.243,B.1.1.244,B.1.1.249,B.1.1.251,B.1.1.253,B.1.1.254,B.1.1.255,B.1.1.256,B.1.1.257,B.1.1.258,B.1.1.261,B.1.1.262,B.1.1.263,B.1.1.265,B.1.1.266,B.1.1.267,B.1.1.268,B.1.1.269,B.1.1.270,B.1.1.271,B.1.1.272,B.1.1.273,B.1.1.274,B.1.1.275,B.1.1.277,K.1,K.2,K.3,B.1.1.279,B.1.1.280,B.1.1.282,B.1.1.283,B.1.1.284,B.1.1.285,B.1.1.286,B.1.1.288,B.1.1.289,B.1.1.290,B.1.1.291,B.1.1.294,M.1,M.2,M.3,B.1.1.296,B.1.1.297,AG.1,B.1.1.298,B.1.1.299,B.1.1.300,B.1.1.301,B.1.1.302,B.1.1.303,B.1.1.304,B.1.1.305,AF.1,B.1.1.306,AE.1,AE.2,AE.3,AE.4,AE.5,AE.6,AE.7,AE.8,B.1.1.307,B.1.1.308,B.1.1.309,B.1.1.310,B.1.1.311,B.1.1.312,B.1.1.315,AD.1,AD.2,AD.2.1,B.1.1.316,R.1,R.2,B.1.1.317,AS.1,AS.2,B.1.1.318,AZ.1,AZ.2,AZ.2.1,AZ.3,AZ.4,AZ.5,AZ.6,B.1.1.319,B.1.1.320,B.1.1.322,B.1.1.323,B.1.1.324,B.1.1.325,B.1.1.326,B.1.1.327,B.1.1.328,B.1.1.329,B.1.1.330,B.1.1.331,B.1.1.332,B.1.1.333,B.1.1.334,B.1.1.335,B.1.1.336,B.1.1.337,B.1.1.338,B.1.1.339,B.1.1.340,B.1.1.341,B.1.1.342,B.1.1.343,B.1.1.344,B.1.1.345,B.1.1.346,B.1.1.347,B.1.1.348,B.1.1.349,B.1.1.350,B.1.1.351,B.1.1.352,B.1.1.353,B.1.1.354,B.1.1.355,B.1.1.356,B.1.1.357,B.1.1.358,B.1.1.359,B.1.1.360,B.1.1.361,B.1.1.362,B.1.1.363,B.1.1.364,B.1.1.365,B.1.1.366,B.1.1.367,B.1.1.368,B.1.1.369,B.1.1.370,AT.1,B.1.1.371,B.1.1.372,B.1.1.373,B.1.1.374,B.1.1.375,B.1.1.376,B.1.1.377,B.1.1.378,B.1.1.379,B.1.1.380,B.1.1.381,B.1.1.382,B.1.1.383,B.1.1.384,B.1.1.385,B.1.1.386,B.1.1.387,B.1.1.388,B.1.1.389,B.1.1.391,B.1.1.392,B.1.1.393,B.1.1.394,B.1.1.395,B.1.1.396,B.1.1.397,B.1.1.398,B.1.1.399,B.1.1.400,B.1.1.401,B.1.1.402,B.1.1.403,B.1.1.404,B.1.1.405,AC.1,B.1.1.406,B.1.1.407,B.1.1.408,B.1.1.409,B.1.1.410,B.1.1.411,B.1.1.412,B.1.1.413,B.1.1.414,B.1.1.415,B.1.1.416,B.1.1.417,B.1.1.418,B.1.1.419,B.1.1.420,B.1.1.421,B.1.1.422,B.1.1.423,B.1.1.424,B.1.1.425,B.1.1.426,B.1.1.427,B.1.1.428,B.1.1.429,B.1.1.430,B.1.1.431,B.1.1.432,B.1.1.433,B.1.1.434,B.1.1.435,B.1.1.436,B.1.1.437,B.1.1.438,B.1.1.440,B.1.1.441,B.1.1.442,B.1.1.444,B.1.1.445,B.1.1.446,B.1.1.447,B.1.1.448,B.1.1.449,B.1.1.450,B.1.1.451,B.1.1.452,B.1.1.453,B.1.1.456,B.1.1.458,B.1.1.459,B.1.1.461,B.1.1.462,B.1.1.463,B.1.1.464,AW.1,B.1.1.465,B.1.1.466,B.1.1.467,B.1.1.480,B.1.1.481,B.1.1.482,AV.1,B.1.1.483,B.1.1.484,B.1.1.485,B.1.1.486,B.1.1.487,B.1.1.500,B.1.1.506,B.1.1.507,B.1.1.512,B.1.1.513,B.1.1.514,B.1.1.515,B.1.1.516,B.1.1.517,B.1.1.518,B.1.1.519,B.1.1.521,B.1.1.522,B.1.1.523,B.1.1.524,B.1.1.525,B.1.1.526,B.1.1.528,BA.1,BA.1.1,BA.1.1.1,BC.1,BC.2,BA.1.1.2,BA.1.1.3,BA.1.1.4,BA.1.1.5,BA.1.1.6,BA.1.1.7,BA.1.1.8,BA.1.1.9,BA.1.1.10,BA.1.1.11,BA.1.1.12,BA.1.1.13,BA.1.1.14,BA.1.1.15,BA.1.1.16,BA.1.1.17,BA.1.1.18,BA.1.2,BA.1.3,BA.1.4,BA.1.5,BA.1.6,BA.1.7,BA.1.8,BA.1.9,BA.1.10,BA.1.12,BA.1.13,BA.1.13.1,BA.1.14,BA.1.14.1,BA.1.14.2,BA.1.15,BA.1.15.1,BA.1.15.2,BA.1.15.3,BA.1.16,BA.1.16.1,BA.1.16.2,BA.1.17,BA.1.17.1,BA.1.17.2,BD.1,BA.1.18,BA.1.19,BA.1.20,BA.1.21,BA.1.21.1,BA.1.22,BA.1.23,BA.1.24,BA.2,BA.2.1,BA.2.2,BA.2.2.1,BA.2.3,BA.2.3.1,BA.2.3.2,BA.2.3.4,BA.2.3.5,BA.2.3.6,BA.2.3.7,BA.2.3.8,BA.2.3.9,BA.2.3.10,BA.2.3.11,BA.2.3.12,BA.2.3.13,BA.2.3.14,BA.2.3.15,BA.2.3.16,BP.1,BA.2.3.17,BA.2.3.18,BA.2.3.19,BA.2.3.20,BA.2.4,BA.2.5,BA.2.6,BA.2.7,BA.2.8,BA.2.9,BA.2.9.1,BA.2.9.2,BA.2.9.3,BA.2.9.4,BA.2.9.5,BA.2.9.6,BA.2.10,BA.2.10.1,BJ.1,BA.2.10.2,BA.2.10.3,BA.2.10.4,BA.2.11,BA.2.12,BA.2.12.1,BG.1,BG.2,BG.3,BG.4,BG.5,BG.6,BA.2.12.2,BA.2.13,BA.2.13.1,BA.2.14,BA.2.15,BA.2.16,BA.2.17,BA.2.18,BA.2.19,BA.2.20,BA.2.21,BA.2.22,BA.2.23,BA.2.23.1,BA.2.24,BA.2.25,BA.2.25.1,BA.2.26,BA.2.27,BA.2.28,BA.2.29,BA.2.30,BA.2.31,BA.2.32,BA.2.33,BA.2.34,BA.2.35,BA.2.36,BA.2.37,BA.2.38,BA.2.38.1,BA.2.38.2,BA.2.38.3,BH.1,BA.2.39,BA.2.40,BA.2.40.1,BA.2.41,BA.2.42,BA.2.43,BA.2.44,BA.2.45,BA.2.46,BA.2.47,BA.2.48,BA.2.49,BA.2.50,BA.2.51,BA.2.52,BA.2.53,BA.2.54,BA.2.55,BA.2.56,BA.2.56.1,BA.2.57,BA.2.58,BA.2.59,BA.2.60,BA.2.61,BA.2.62,BA.2.63,BA.2.64,BA.2.65,BA.2.66,BA.2.67,BA.2.68,BA.2.69,BA.2.70,BA.2.71,BA.2.72,BA.2.73,BA.2.74,BA.2.75,BA.2.75.1,BL.1,BL.2,BL.3,BL.4,BA.2.75.2,BA.2.75.3,BM.1,BM.1.1,BM.2,BM.3,BA.2.75.4,BR.1,BA.2.75.5,BN.1,BN.2,BN.2.1,BA.2.75.6,BA.2.75.7,BA.2.76,BA.2.76.1,BA.2.76.2,BA.2.77,BA.2.78,BA.2.79,BA.2.79.1,BA.2.80,BA.2.81,BA.2.82,BA.3,BA.3.1,BA.4,BA.4.1,BA.4.1.1,BA.4.1.2,BA.4.1.3,BA.4.1.4,BA.4.1.5,BA.4.1.6,BA.4.1.7,BA.4.1.8,BA.4.1.9,BA.4.2,BA.4.3,BA.4.4,BA.4.5,BA.4.6,BA.4.7,BA.4.8,BA.5,BA.5.1,BA.5.1.1,BA.5.1.2,BA.5.1.3,BA.5.1.4,BA.5.1.5,BA.5.1.6,BA.5.1.7,BA.5.1.8,BA.5.1.9,BA.5.1.10,BK.1,BA.5.1.11,BA.5.1.12,BA.5.1.13,BA.5.1.14,BA.5.1.15,BA.5.1.16,BA.5.1.17,BA.5.1.18,BA.5.1.19,BA.5.2,BA.5.2.1,BF.1,BF.1.1,BF.2,BF.3,BF.3.1,BF.4,BF.5,BF.6,BF.7,BF.8,BF.9,BF.10,BF.11,BF.12,BF.13,BF.14,BF.15,BF.16,BF.17,BF.18,BF.19,BF.20,BF.21,BF.22,BA.5.2.2,BA.5.2.3,BA.5.2.4,BA.5.2.5,BA.5.2.6,BA.5.2.7,BA.5.2.8,BA.5.2.9,BA.5.2.10,BA.5.2.11,BA.5.2.12,BA.5.3,BA.5.3.1,BE.1,BE.1.1,BE.1.1.1,BQ.1,BE.1.2,BE.1.3,BE.2,BE.3,BA.5.3.2,BA.5.3.3,BA.5.3.4,BA.5.5,BA.5.5.1,BA.5.5.2,BA.5.5.3,BA.5.6,BA.5.6.1,BA.5.6.2,BA.5.7,BA.5.8,BA.5.9,BA.5.10,B.1.2,B.1.3,B.1.6,B.1.8,B.1.9,B.1.9.1,B.1.9.2,B.1.9.3,B.1.9.4,B.1.9.5,B.1.12,B.1.13,B.1.14,B.1.22,B.1.22.1,B.1.23,B.1.35,B.1.36,B.1.36.1,B.1.36.2,B.1.36.7,B.1.36.8,B.1.36.9,B.1.36.10,B.1.36.12,B.1.36.16,B.1.36.17,B.1.36.18,B.1.36.19,B.1.36.20,B.1.36.21,B.1.36.22,B.1.36.23,B.1.36.24,B.1.36.25,B.1.36.26,B.1.36.27,B.1.36.28,B.1.36.29,B.1.36.31,B.1.36.33,B.1.36.34,B.1.36.35,B.1.36.36,B.1.36.37,B.1.36.38,B.1.36.39,B.1.37,B.1.38,B.1.39,B.1.40,B.1.44,B.1.67,B.1.69,B.1.70,B.1.76,B.1.77,B.1.78,B.1.81,B.1.83,B.1.84,B.1.91,B.1.93,B.1.94,B.1.96,B.1.97,B.1.103,B.1.104,B.1.105,B.1.106,B.1.108,B.1.110,B.1.110.1,B.1.110.2,B.1.110.3,B.1.111,B.1.112,B.1.113,B.1.115,B.1.116,B.1.117,B.1.118,B.1.119,B.1.120,B.1.124,B.1.126,B.1.127,B.1.128,B.1.131,B.1.134,B.1.137,B.1.139,B.1.140,B.1.142,B.1.143,B.1.145,B.1.146,B.1.147,B.1.149,B.1.151,B.1.153,B.1.157,B.1.158,B.1.159,B.1.160,B.1.160.7,B.1.160.8,B.1.160.9,B.1.160.10,B.1.160.11,B.1.160.12,B.1.160.13,B.1.160.14,B.1.160.15,B.1.160.16,AB.1,B.1.160.17,B.1.160.18,B.1.160.19,B.1.160.20,B.1.160.21,B.1.160.22,B.1.160.23,B.1.160.24,B.1.160.25,B.1.160.26,B.1.160.27,B.1.160.28,B.1.160.29,B.1.160.30,B.1.160.31,B.1.160.32,B.1.160.33,B.1.161,B.1.162,B.1.163,B.1.164,B.1.165,B.1.166,B.1.167,B.1.168,B.1.169,B.1.170,B.1.173,B.1.177,B.1.177.2,B.1.177.3,B.1.177.4,B.1.177.5,B.1.177.6,B.1.177.7,B.1.177.8,B.1.177.9,B.1.177.10,B.1.177.11,B.1.177.12,B.1.177.14,B.1.177.15,AA.1,AA.2,AA.3,AA.4,AA.5,AA.6,AA.7,AA.8,B.1.177.16,B.1.177.17,B.1.177.18,B.1.177.19,B.1.177.20,B.1.177.21,B.1.177.23,B.1.177.24,B.1.177.25,B.1.177.26,B.1.177.27,B.1.177.28,B.1.177.29,B.1.177.30,B.1.177.31,B.1.177.32,B.1.177.33,B.1.177.34,B.1.177.35,B.1.177.36,B.1.177.37,B.1.177.38,B.1.177.39,B.1.177.40,B.1.177.41,B.1.177.42,B.1.177.43,B.1.177.44,B.1.177.45,B.1.177.46,B.1.177.47,B.1.177.48,B.1.177.49,B.1.177.50,Z.1,B.1.177.51,B.1.177.52,Y.1,B.1.177.53,W.1,W.2,W.3,W.4,B.1.177.54,V.1,V.2,B.1.177.55,B.1.177.56,B.1.177.57,B.1.177.58,B.1.177.59,B.1.177.60,U.1,U.2,U.3,B.1.177.61,B.1.177.62,B.1.177.63,B.1.177.64,B.1.177.65,B.1.177.66,B.1.177.67,B.1.177.68,B.1.177.69,B.1.177.70,B.1.177.71,B.1.177.72,B.1.177.73,B.1.177.74,B.1.177.75,B.1.177.76,B.1.177.77,B.1.177.78,B.1.177.80,B.1.177.81,B.1.177.82,B.1.177.83,B.1.177.84,B.1.177.85,B.1.177.86,B.1.177.87,B.1.177.88,B.1.177.89,B.1.178,B.1.179,B.1.180,B.1.181,B.1.182,B.1.184,B.1.187,B.1.188,B.1.189,B.1.190,B.1.192,B.1.194,B.1.195,B.1.198,B.1.199,B.1.201,B.1.203,B.1.205,B.1.206,B.1.208,B.1.210,B.1.211,B.1.212,B.1.213,B.1.214,B.1.214.1,B.1.214.2,B.1.214.3,B.1.214.4,B.1.215,B.1.218,B.1.219,B.1.220,B.1.221,B.1.221.1,B.1.221.2,B.1.221.3,B.1.221.4,B.1.222,B.1.223,B.1.224,B.1.225,B.1.227,B.1.229,B.1.231,B.1.232,B.1.233,B.1.234,B.1.235,B.1.236,B.1.237,B.1.238,B.1.239,B.1.240,B.1.240.1,B.1.240.2,B.1.241,B.1.242,B.1.243,B.1.243.1,B.1.243.2,B.1.245,B.1.247,B.1.248,B.1.249,B.1.250,B.1.251,B.1.252,B.1.254,B.1.256,B.1.258,B.1.258.2,G.1,B.1.258.3,B.1.258.4,B.1.258.5,B.1.258.6,B.1.258.7,B.1.258.9,B.1.258.10,B.1.258.11,B.1.258.12,B.1.258.14,B.1.258.15,B.1.258.16,B.1.258.17,B.1.258.18,B.1.258.19,B.1.258.20,B.1.258.21,B.1.258.22,B.1.258.23,B.1.258.24,B.1.260,B.1.263,B.1.264,B.1.264.1,B.1.265,B.1.267,B.1.268,B.1.270,B.1.273,B.1.274,B.1.276,B.1.277,B.1.279,B.1.280,B.1.281,B.1.282,B.1.284,B.1.285,B.1.287,B.1.289,B.1.291,B.1.292,B.1.293,B.1.294,B.1.298,B.1.301,B.1.302,B.1.304,B.1.305,B.1.306,B.1.308,B.1.309,B.1.310,B.1.311,B.1.313,B.1.314,B.1.315,B.1.316,B.1.318,B.1.319,B.1.320,B.1.321,B.1.323,B.1.324,B.1.325,B.1.326,B.1.328,B.1.329,B.1.330,B.1.332,B.1.333,B.1.334,B.1.335,B.1.336,B.1.337,B.1.338,B.1.340,B.1.341,B.1.342,B.1.343,B.1.344,B.1.346,B.1.348,B.1.349,B.1.350,B.1.350.1,B.1.351,B.1.351.1,B.1.351.2,B.1.351.3,B.1.351.5,B.1.354,B.1.355,B.1.356,B.1.357,B.1.358,B.1.359,B.1.360,B.1.361,B.1.362,B.1.362.1,B.1.362.2,B.1.363,B.1.366,B.1.367,B.1.369,B.1.369.1,B.1.370,B.1.371,B.1.372,B.1.375,B.1.377,B.1.378,B.1.379,B.1.380,B.1.381,B.1.382,B.1.383,B.1.384,B.1.385,B.1.387,B.1.388,B.1.389,B.1.390,B.1.391,B.1.393,B.1.395,B.1.396,B.1.397,B.1.398,B.1.399,B.1.400,B.1.400.1,B.1.401,B.1.402,B.1.403,B.1.404,B.1.405,B.1.406,B.1.407,B.1.408,B.1.409,B.1.411,B.1.413,B.1.415,B.1.415.1,B.1.416,B.1.416.1,B.1.417,B.1.418,B.1.420,B.1.421,B.1.422,B.1.423,B.1.424,B.1.425,B.1.426,B.1.427,B.1.428,B.1.428.1,B.1.428.2,B.1.428.3,B.1.429,B.1.429.1,B.1.431,B.1.432,B.1.433,B.1.434,B.1.435,B.1.436,B.1.437,B.1.438,B.1.438.1,B.1.438.2,B.1.438.3,B.1.438.4,B.1.439,B.1.441,B.1.442,B.1.443,B.1.444,B.1.445,B.1.446,B.1.448,B.1.450,B.1.451,B.1.452,B.1.453,B.1.456,B.1.458,B.1.459,B.1.460,B.1.462,B.1.463,B.1.465,B.1.466,B.1.466.1,B.1.466.2,AU.1,AU.2,AU.3,B.1.467,B.1.468,B.1.469,B.1.470,B.1.471,B.1.473,B.1.474,B.1.475,B.1.476,B.1.478,B.1.479,B.1.480,B.1.482,B.1.483,B.1.485,B.1.486,B.1.487,B.1.488,B.1.489,B.1.490,B.1.491,B.1.492,B.1.493,B.1.494,B.1.495,B.1.496,B.1.497,B.1.498,B.1.499,B.1.499.1,B.1.500,B.1.501,B.1.502,B.1.503,B.1.504,B.1.505,B.1.506,B.1.507,B.1.508,B.1.509,B.1.510,B.1.511,B.1.513,B.1.515,B.1.516,B.1.517,B.1.517.1,B.1.518,B.1.520,B.1.521,B.1.523,B.1.524,B.1.525,B.1.526,B.1.527,B.1.528,B.1.529,B.1.530,B.1.531,B.1.532,B.1.533,B.1.534,B.1.535,B.1.536,B.1.537,B.1.538,B.1.539,B.1.540,B.1.541,B.1.542,B.1.543,B.1.544,B.1.545,B.1.546,B.1.547,B.1.548,B.1.549,B.1.550,B.1.551,B.1.552,B.1.554,B.1.555,B.1.556,B.1.557,B.1.558,B.1.559,B.1.560,B.1.561,B.1.562,B.1.563,B.1.564,B.1.564.1,B.1.565,B.1.566,B.1.567,B.1.568,B.1.569,B.1.570,B.1.571,B.1.572,B.1.573,B.1.574,B.1.575,B.1.575.1,B.1.575.2,B.1.576,B.1.577,B.1.578,B.1.579,B.1.580,B.1.581,B.1.582,B.1.585,B.1.586,B.1.587,B.1.588,B.1.588.1,B.1.589,B.1.590,B.1.591,B.1.592,B.1.593,B.1.594,B.1.595,B.1.595.1,B.1.595.2,B.1.595.3,B.1.595.4,B.1.596,B.1.596.1,B.1.597,B.1.598,B.1.599,B.1.600,B.1.601,B.1.602,B.1.603,B.1.604,B.1.605,B.1.606,B.1.607,B.1.609,B.1.610,B.1.611,B.1.612,B.1.613,B.1.614,B.1.615,B.1.616,B.1.617,B.1.617.1,B.1.617.2,AY.1,AY.2,AY.3,AY.3.1,AY.3.2,AY.3.3,AY.3.4,AY.4,AY.4.1,AY.4.2,AY.4.2.1,AY.4.2.2,AY.4.2.3,AY.4.2.4,AY.4.2.5,AY.4.3,AY.4.4,AY.4.5,AY.4.6,AY.4.7,AY.4.8,AY.4.9,AY.4.10,AY.4.11,AY.4.12,AY.4.13,AY.4.14,AY.4.15,AY.4.16,AY.4.17,AY.5,AY.5.1,AY.5.2,AY.5.3,AY.5.4,AY.5.5,AY.5.6,AY.5.7,AY.6,AY.7,AY.7.1,AY.7.2,AY.8,AY.9,AY.9.2,AY.9.2.1,AY.9.2.2,AY.10,AY.11,AY.13,AY.14,AY.15,AY.16,AY.16.1,AY.17,AY.18,AY.19,AY.20,AY.20.1,AY.21,AY.22,AY.23,AY.23.1,AY.23.2,AY.24,AY.24.1,AY.25,AY.25.1,AY.25.1.1,AY.25.1.2,AY.25.2,AY.25.3,AY.26,AY.26.1,AY.27,AY.28,AY.29,AY.29.1,AY.29.2,AY.30,AY.31,AY.32,AY.33,AY.33.1,AY.33.2,AY.34,AY.34.1,AY.34.1.1,AY.34.2,AY.35,AY.36,AY.36.1,AY.37,AY.38,AY.39,AY.39.1,AY.39.1.1,AY.39.1.2,AY.39.1.3,AY.39.1.4,AY.39.2,AY.39.3,AY.40,AY.41,AY.42,AY.42.1,AY.43,AY.43.1,AY.43.2,AY.43.3,AY.43.4,AY.43.5,AY.43.6,AY.43.7,AY.43.8,AY.43.9,AY.44,AY.45,AY.46,AY.46.1,AY.46.2,AY.46.3,AY.46.4,AY.46.5,AY.46.6,AY.46.6.1,AY.47,AY.48,AY.49,AY.50,AY.51,AY.52,AY.53,AY.54,AY.55,AY.56,AY.57,AY.58,AY.59,AY.60,AY.61,AY.62,AY.63,AY.64,AY.65,AY.66,AY.67,AY.68,AY.69,AY.70,AY.71,AY.72,AY.73,AY.74,AY.75,AY.75.2,AY.75.3,AY.76,AY.77,AY.78,AY.79,AY.80,AY.81,AY.82,AY.83,AY.84,AY.85,AY.86,AY.87,AY.88,AY.90,AY.91,AY.91.1,AY.92,AY.93,AY.94,AY.95,AY.98,AY.98.1,AY.98.1.1,AY.99,AY.99.1,AY.99.2,AY.100,AY.101,AY.102,AY.102.1,AY.102.2,AY.103,AY.103.1,AY.103.2,AY.104,AY.105,AY.106,AY.107,AY.108,AY.109,AY.110,AY.111,AY.112,AY.112.1,AY.112.2,AY.112.3,AY.113,AY.114,AY.116,AY.116.1,AY.117,AY.118,AY.119,AY.119.1,AY.119.2,AY.120,AY.120.1,AY.120.2,AY.120.2.1,AY.121,AY.121.1,AY.122,AY.122.1,AY.122.2,AY.122.3,AY.122.4,AY.122.5,AY.122.6,AY.123,AY.123.1,AY.124,AY.124.1,AY.124.1.1,AY.125,AY.125.1,AY.126,AY.127,AY.127.1,AY.127.2,AY.127.3,AY.128,AY.129,AY.130,AY.131,AY.132,AY.133,AY.134,B.1.617.3,B.1.618,B.1.619,B.1.619.1,B.1.620,B.1.621,B.1.621.1,BB.2,B.1.621.2,B.1.622,B.1.623,B.1.625,B.1.626,B.1.627,B.1.629,B.1.630,B.1.631,B.1.632,B.1.633,B.1.634,B.1.635,B.1.636,B.1.637,B.1.637.1,B.1.638,B.1.639,B.1.640.1,B.1.640.2,B.1.641
B.1.1	B.1.1.1,C.1,C.1.1,C.1.2,C.2,C.2.1,C.3,C.4,C.5,C.6,C.7,C.8,C.9,C.10,C.11,C.12,C.13,C.14,C.16,C.17,C.18,C.19,C.20,C.21,C.22,C.23,C.25,C.26,C.27,C.28,C.29,C.30,C.30.1,C.31,C.32,C.33,C.34,C.35,C.36,C.36.1,C.36.2,C.36.3,C.36.3.1,C.37,C.37.1,C.38,C.39,C.40,B.1.1.3,B.1.1.4,B.1.1.5,B.1.1.7,Q.1,Q.2,Q.3,Q.4,Q.5,Q.6,Q.7,Q.8,B.1.1.8,B.1.1.10,L.1,L.2,L.3,L.4,B.1.1.12,B.1.1.13,B.1.1.14,B.1.1.15,B.1.1.16,B.1.1.17,B.1.1.25,D.2,D.3,D.4,D.5,B.1.1.26,B.1.1.27,B.1.1.28,P.1,P.1.1,P.1.2,P.1.3,P.1.4,P.1.5,P.1.6,P.1.7,P.1.7.1,P.1.8,P.1.9,P.1.10,P.1.10.1,P.1.10.2,P.1.11,P.1.12,P.1.12.1,P.1.13,P.1.14,P.1.15,P.1.16,P.1.17,P.1.17.1,P.2,P.3,P.4,P.5,P.6,P.7,B.1.1.29,B.1.1.30,B.1.1.31,B.1.1.33,N.1,N.2,N.3,N.4,N.5,N.6,N.7,N.8,N.9,N.10,B.1.1.34,B.1.1.37,B.1.1.38,B.1.1.39,AQ.1,AQ.2,B.1.1.40,B.1.1.41,B.1.1.43,B.1.1.44,B.1.1.45,B.1.1.46,B.1.1.47,B.1.1.48,B.1.1.49,B.1.1.50,B.1.1.51,B.1.1.52,B.1.1.53,B.1.1.54,B.1.1.55,B.1.1.56,B.1.1.57,B.1.1.58,B.1.1.59,B.1.1.61,B.1.1.62,B.1.1.63,B.1.1.67,B.1.1.70,AP.1,B.1.1.71,B.1.1.72,B.1.1.74,B.1.1.75,B.1.1.77,B.1.1.82,B.1.1.83,B.1.1.84,B.1.1.86,B.1.1.87,B.1.1.88,B.1.1.89,B.1.1.90,B.1.1.91,B.1.1.92,B.1.1.93,B.1.1.95,B.1.1.97,B.1.1.98,B.1.1.99,B.1.1.100,B.1.1.101,B.1.1.107,B.1.1.109,B.1.1.110,B.1.1.111,B.1.1.112,B.1.1.113,B.1.1.114,B.1.1.115,B.1.1.116,B.1.1.117,B.1.1.118,B.1.1.119,B.1.1.120,B.1.1.121,B.1.1.122,B.1.1.123,B.1.1.125,B.1.1.127,B.1.1.128,B.1.1.129,B.1.1.130,B.1.1.132,B.1.1.133,B.1.1.134,B.1.1.135,B.1.1.136,B.1.1.137,B.1.1.138,B.1.1.139,B.1.1.141,B.1.1.142,B.1.1.144,B.1.1.145,B.1.1.147,B.1.1.148,B.1.1.149,B.1.1.152,B.1.1.153,B.1.1.154,B.1.1.155,B.1.1.157,B.1.1.158,B.1.1.159,B.1.1.160,B.1.1.161,B.1.1.162,B.1.1.163,B.1.1.164,B.1.1.165,B.1.1.166,B.1.1.168,B.1.1.169,B.1.1.170,B.1.1.171,B.1.1.172,B.1.1.174,B.1.1.175,B.1.1.176,B.1.1.177,B.1.1.178,B.1.1.180,B.1.1.181,B.1.1.182,B.1.1.184,B.1.1.185,B.1.1.186,B.1.1.187,B.1.1.189,B.1.1.190,B.1.1.191,B.1.1.192,B.1.1.193,B.1.1.194,B.1.1.196,B.1.1.197,B.1.1.198,B.1.1.200,AN.1,B.1.1.201,B.1.1.202,B.1.1.203,B.1.1.204,B.1.1.205,B.1.1.207,B.1.1.208,B.1.1.209,B.1.1.210,B.1.1.213,B.1.1.214,B.1.1.216,AM.1,AM.2,AM.3,AM.4,B.1.1.217,S.1,B.1.1.218,B.1.1.219,B.1.1.220,B.1.1.221,B.1.1.222,B.1.1.224,B.1.1.225,B.1.1.226,B.1.1.227,B.1.1.228,B.1.1.229,B.1.1.230,B.1.1.231,AL.1,B.1.1.232,AK.1,AK.2,B.1.1.234,B.1.1.236,B.1.1.237,B.1.1.239,B.1.1.240,AJ.1,B.1.1.241,AH.1,AH.2,AH.3,B.1.1.242,B.1.1.243,B.1.1.244,B.1.1.249,B.1.1.251,B.1.1.253,B.1.1.254,B.1.1.255,B.1.1.256,B.1.1.257,B.1.1.258,B.1.1.261,B.1.1.262,B.1.1.263,B.1.1.265,B.1.1.266,B.1.1.267,B.1.1.268,B.1.1.269,B.1.1.270,B.1.1.271,B.1.1.272,B.1.1.273,B.1.1.274,B.1.1.275,B.1.1.277,K.1,K.2,K.3,B.1.1.279,B.1.1.280,B.1.1.282,B.1.1.283,B.1.1.284,B.1.1.285,B.1.1.286,B.1.1.288,B.1.1.289,B.1.1.290,B.1.1.291,B.1.1.294,M.1,M.2,M.3,B.1.1.296,B.1.1.297,AG.1,B.1.1.298,B.1.1.299,B.1.1.300,B.1.1.301,B.1.1.302,B.1.1.303,B.1.1.304,B.1.1.305,AF.1,B.1.1.306,AE.1,AE.2,AE.3,AE.4,AE.5,AE.6,AE.7,AE.8,B.1.1.307,B.1.1.308,B.1.1.309,B.1.1.310,B.1.1.311,B.1.1.312,B.1.1.315,AD.1,AD.2,AD.2.1,B.1.1.316,R.1,R.2,B.1.1.317,AS.1,AS.2,B.1.1.318,AZ.1,AZ.2,AZ.2.1,AZ.3,AZ.4,AZ.5,AZ.6,B.1.1.319,B.1.1.320,B.1.1.322,B.1.1.323,B.1.1.324,B.1.1.325,B.1.1.326,B.1.1.327,B.1.1.328,B.1.1.329,B.1.1.330,B.1.1.331,B.1.1.332,B.1.1.333,B.1.1.334,B.1.1.335,B.1.1.336,B.1.1.337,B.1.1.338,B.1.1.339,B.1.1.340,B.1.1.341,B.1.1.342,B.1.1.343,B.1.1.344,B.1.1.345,B.1.1.346,B.1.1.347,B.1.1.348,B.1.1.349,B.1.1.350,B.1.1.351,B.1.1.352,B.1.1.353,B.1.1.354,B.1.1.355,B.1.1.356,B.1.1.357,B.1.1.358,B.1.1.359,B.1.1.360,B.1.1.361,B.1.1.362,B.1.1.363,B.1.1.364,B.1.1.365,B.1.1.366,B.1.1.367,B.1.1.368,B.1.1.369,B.1.1.370,AT.1,B.1.1.371,B.1.1.372,B.1.1.373,B.1.1.374,B.1.1.375,B.1.1.376,B.1.1.377,B.1.1.378,B.1.1.379,B.1.1.380,B.1.1.381,B.1.1.382,B.1.1.383,B.1.1.384,B.1.1.385,B.1.1.386,B.1.1.387,B.1.1.388,B.1.1.389,B.1.1.391,B.1.1.392,B.1.1.393,B.1.1.394,B.1.1.395,B.1.1.396,B.1.1.397,B.1.1.398,B.1.1.399,B.1.1.400,B.1.1.401,B.1.1.402,B.1.1.403,B.1.1.404,B.1.1.405,AC.1,B.1.1.406,B.1.1.407,B.1.1.408,B.1.1.409,B.1.1.410,B.1.1.411,B.1.1.412,B.1.1.413,B.1.1.414,B.1.1.415,B.1.1.416,B.1.1.417,B.1.1.418,B.1.1.419,B.1.1.420,B.1.1.421,B.1.1.422,B.1.1.423,B.1.1.424,B.1.1.425,B.1.1.426,B.1.1.427,B.1.1.428,B.1.1.429,B.1.1.430,B.1.1.431,B.1.1.432,B.1.1.433,B.1.1.434,B.1.1.435,B.1.1.436,B.1.1.437,B.1.1.438,B.1.1.440,B.1.1.441,B.1.1.442,B.1.1.444,B.1.1.445,B.1.1.446,B.1.1.447,B.1.1.448,B.1.1.449,B.1.1.450,B.1.1.451,B.1.1.452,B.1.1.453,B.1.1.456,B.1.1.458,B.1.1.459,B.1.1.461,B.1.1.462,B.1.1.463,B.1.1.464,AW.1,B.1.1.465,B.1.1.466,B.1.1.467,B.1.1.480,B.1.1.481,B.1.1.482,AV.1,B.1.1.483,B.1.1.484,B.1.1.485,B.1.1.486,B.1.1.487,B.1.1.500,B.1.1.506,B.1.1.507,B.1.1.512,B.1.1.513,B.1.1.514,B.1.1.515,B.1.1.516,B.1.1.517,B.1.1.518,B.1.1.519,B.1.1.521,B.1.1.522,B.1.1.523,B.1.1.524,B.1.1.525,B.1.1.526,B.1.1.528,BA.1,BA.1.1,BA.1.1.1,BC.1,BC.2,BA.1.1.2,BA.1.1.3,BA.1.1.4,BA.1.1.5,BA.1.1.6,BA.1.1.7,BA.1.1.8,BA.1.1.9,BA.1.1.10,BA.1.1.11,BA.1.1.12,BA.1.1.13,BA.1.1.14,BA.1.1.15,BA.1.1.16,BA.1.1.17,BA.1.1.18,BA.1.2,BA.1.3,BA.1.4,BA.1.5,BA.1.6,BA.1.7,BA.1.8,BA.1.9,BA.1.10,BA.1.12,BA.1.13,BA.1.13.1,BA.1.14,BA.1.14.1,BA.1.14.2,BA.1.15,BA.1.15.1,BA.1.15.2,BA.1.15.3,BA.1.16,BA.1.16.1,BA.1.16.2,BA.1.17,BA.1.17.1,BA.1.17.2,BD.1,BA.1.18,BA.1.19,BA.1.20,BA.1.21,BA.1.21.1,BA.1.22,BA.1.23,BA.1.24,BA.2,BA.2.1,BA.2.2,BA.2.2.1,BA.2.3,BA.2.3.1,BA.2.3.2,BA.2.3.4,BA.2.3.5,BA.2.3.6,BA.2.3.7,BA.2.3.8,BA.2.3.9,BA.2.3.10,BA.2.3.11,BA.2.3.12,BA.2.3.13,BA.2.3.14,BA.2.3.15,BA.2.3.16,BP.1,BA.2.3.17,BA.2.3.18,BA.2.3.19,BA.2.3.20,BA.2.4,BA.2.5,BA.2.6,BA.2.7,BA.2.8,BA.2.9,BA.2.9.1,BA.2.9.2,BA.2.9.3,BA.2.9.4,BA.2.9.5,BA.2.9.6,BA.2.10,BA.2.10.1,BJ.1,BA.2.10.2,BA.2.10.3,BA.2.10.4,BA.2.11,BA.2.12,BA.2.12.1,BG.1,BG.2,BG.3,BG.4,BG.5,BG.6,BA.2.12.2,BA.2.13,BA.2.13.1,BA.2.14,BA.2.15,BA.2.16,BA.2.17,BA.2.18,BA.2.19,BA.2.20,BA.2.21,BA.2.22,BA.2.23,BA.2.23.1,BA.2.24,BA.2.25,BA.2.25.1,BA.2.26,BA.2.27,BA.2.28,BA.2.29,BA.2.30,BA.2.31,BA.2.32,BA.2.33,BA.2.34,BA.2.35,BA.2.36,BA.2.37,BA.2.38,BA.2.38.1,BA.2.38.2,BA.2.38.3,BH.1,BA.2.39,BA.2.40,BA.2.40.1,BA.2.41,BA.2.42,BA.2.43,BA.2.44,BA.2.45,BA.2.46,BA.2.47,BA.2.48,BA.2.49,BA.2.50,BA.2.51,BA.2.52,BA.2.53,BA.2.54,BA.2.55,BA.2.56,BA.2.56.1,BA.2.57,BA.2.58,BA.2.59,BA.2.60,BA.2.61,BA.2.62,BA.2.63,BA.2.64,BA.2.65,BA.2.66,BA.2.67,BA.2.68,BA.2.69,BA.2.70,BA.2.71,BA.2.72,BA.2.73,BA.2.74,BA.2.75,BA.2.75.1,BL.1,BL.2,BL.3,BL.4,BA.2.75.2,BA.2.75.3,BM.1,BM.1.1,BM.2,BM.3,BA.2.75.4,BR.1,BA.2.75.5,BN.1,BN.2,BN.2.1,BA.2.75.6,BA.2.75.7,BA.2.76,BA.2.76.1,BA.2.76.2,BA.2.77,BA.2.78,BA.2.79,BA.2.79.1,BA.2.80,BA.2.81,BA.2.82,BA.3,BA.3.1,BA.4,BA.4.1,BA.4.1.1,BA.4.1.2,BA.4.1.3,BA.4.1.4,BA.4.1.5,BA.4.1.6,BA.4.1.7,BA.4.1.8,BA.4.1.9,BA.4.2,BA.4.3,BA.4.4,BA.4.5,BA.4.6,BA.4.7,BA.4.8,BA.5,BA.5.1,BA.5.1.1,BA.5.1.2,BA.5.1.3,BA.5.1.4,BA.5.1.5,BA.5.1.6,BA.5.1.7,BA.5.1.8,BA.5.1.9,BA.5.1.10,BK.1,BA.5.1.11,BA.5.1.12,BA.5.1.13,BA.5.1.14,BA.5.1.15,BA.5.1.16,BA.5.1.17,BA.5.1.18,BA.5.1.19,BA.5.2,BA.5.2.1,BF.1,BF.1.1,BF.2,BF.3,BF.3.1,BF.4,BF.5,BF.6,BF.7,BF.8,BF.9,BF.10,BF.11,BF.12,BF.13,BF.14,BF.15,BF.16,BF.17,BF.18,BF.19,BF.20,BF.21,BF.22,BA.5.2.2,BA.5.2.3,BA.5.2.4,BA.5.2.5,BA.5.2.6,BA.5.2.7,BA.5.2.8,BA.5.2.9,BA.5.2.10,BA.5.2.11,BA.5.2.12,BA.5.3,BA.5.3.1,BE.1,BE.1.1,BE.1.1.1,BQ.1,BE.1.2,BE.1.3,BE.2,BE.3,BA.5.3.2,BA.5.3.3,BA.5.3.4,BA.5.5,BA.5.5.1,BA.5.5.2,BA.5.5.3,BA.5.6,BA.5.6.1,BA.5.6.2,BA.5.7,BA.5.8,BA.5.9,BA.5.10
B.1.1.1	C.1,C.1.1,C.1.2,C.2,C.2.1,C.3,C.4,C.5,C.6,C.7,C.8,C.9,C.10,C.11,C.12,C.13,C.14,C.16,C.17,C.18,C.19,C.20,C.21,C.22,C.23,C.25,C.26,C.27,C.28,C.29,C.30,C.30.1,C.31,C.32,C.33,C.34,C.35,C.36,C.36.1,C.36.2,C.36.3,C.36.3.1,C.37,C.37.1,C.38,C.39,C.40
B.1.1.10	L.1,L.2,L.3,L.4
B.1.1.100	none
B.1.1.101	none
B.1.1.107	none
B.1.1.109	none
B.1.1.110	none
B.1.1.111	none
B.1.1.112	none
B.1.1.113	none
B.1.1.114	none
B.1.1.115	none
B.1.1.116	none
B.1.1.117	none
B.1.1.118	none
B.1.1.119	none
B.1.1.12	none
B.1.1.120	none
B.1.1.121	none
B.1.1.122	none
B.1.1.123	none
B.1.1.125	none
B.1.1.127	none
B.1.1.128	none
B.1.1.129	none
B.1.1.13	none
B.1.1.130	none
B.1.1.132	none
B.1.1.133	none
B.1.1.134	none
B.1.1.135	none
B.1.1.136	none
B.1.1.137	none
B.1.1.138	none
B.1.1.139	none
B.1.1.14	none
B.1.1.141	none
B.1.1.142	none
B.1.1.144	none
B.1.1.145	none
B.1.1.147	none
B.1.1.148	none
B.1.1.149	none
B.1.1.15	none
B.1.1.152	none
B.1.1.153	none
B.1.1.154	none
B.1.1.155	none
B.1.1.157	none
B.1.1.158	none
B.1.1.159	none
B.1.1.16	none
B.1.1.160	none
B.1.1.161	none
B.1.1.162	none
B.1.1.163	none
B.1.1.164	none
B.1.1.165	none
B.1.1.166	none
B.1.1.168	none
B.1.1.169	none
B.1.1.17	none
B.1.1.170	none
B.1.1.171	none
B.1.1.172	none
B.1.1.174	none
B.1.1.175	none
B.1.1.176	none
B.1.1.177	none
B.1.1.178	none
B.1.1.180	none
B.1.1.181	none
B.1.1.182	none
B.1.1.184	none
B.1.1.185	none
B.1.1.186	none
B.1.1.187	none
B.1.1.189	none
B.1.1.190	none
B.1.1.191	none
B.1.1.192	none
B.1.1.193	none
B.1.1.194	none
B.1.1.196	none
B.1.1.197	none
B.1.1.198	none
B.1.1.200	AN.1
B.1.1.201	none
B.1.1.202	none
B.1.1.203	none
B.1.1.204	none
B.1.1.205	none
B.1.1.207	none
B.1.1.208	none
B.1.1.209	none
B.1.1.210	none
B.1.1.213	none
B.1.1.214	none
B.1.1.216	AM.1,AM.2,AM.3,AM.4
B.1.1.217	S.1
B.1.1.218	none
B.1.1.219	none
B.1.1.220	none
B.1.1.221	none
B.1.1.222	none
B.1.1.224	none
B.1.1.225	none
B.1.1.226	none
B.1.1.227	none
B.1.1.228	none
B.1.1.229	none
B.1.1.230	none
B.1.1.231	AL.1
B.1.1.232	AK.1,AK.2
B.1.1.234	none
B.1.1.236	none
B.1.1.237	none
B.1.1.239	none
B.1.1.240	AJ.1
B.1.1.241	AH.1,AH.2,AH.3
B.1.1.242	none
B.1.1.243	none
B.1.1.244	none
B.1.1.249	none
B.1.1.25	D.2,D.3,D.4,D.5
B.1.1.251	none
B.1.1.253	none
B.1.1.254	none
B.1.1.255	none
B.1.1.256	none
B.1.1.257	none
B.1.1.258	none
B.1.1.26	none
B.1.1.261	none
B.1.1.262	none
B.1.1.263	none
B.1.1.265	none
B.1.1.266	none
B.1.1.267	none
B.1.1.268	none
B.1.1.269	none
B.1.1.27	none
B.1.1.270	none
B.1.1.271	none
B.1.1.272	none
B.1.1.273	none
B.1.1.274	none
B.1.1.275	none
B.1.1.277	K.1,K.2,K.3
B.1.1.279	none
B.1.1.28	P.1,P.1.1,P.1.2,P.1.3,P.1.4,P.1.5,P.1.6,P.1.7,P.1.7.1,P.1.8,P.1.9,P.1.10,P.1.10.1,P.1.10.2,P.1.11,P.1.12,P.1.12.1,P.1.13,P.1.14,P.1.15,P.1.16,P.1.17,P.1.17.1,P.2,P.3,P.4,P.5,P.6,P.7
B.1.1.280	none
B.1.1.282	none
B.1.1.283	none
B.1.1.284	none
B.1.1.285	none
B.1.1.286	none
B.1.1.288	none
B.1.1.289	none
B.1.1.29	none
B.1.1.290	none
B.1.1.291	none
B.1.1.294	M.1,M.2,M.3
B.1.1.296	none
B.1.1.297	AG.1
B.1.1.298	none
B.1.1.299	none
B.1.1.3	none
B.1.1.30	none
B.1.1.300	none
B.1.1.301	none
B.1.1.302	none
B.1.1.303	none
B.1.1.304	none
B.1.1.305	AF.1
B.1.1.306	AE.1,AE.2,AE.3,AE.4,AE.5,AE.6,AE.7,AE.8
B.1.1.307	none
B.1.1.308	none
B.1.1.309	none
B.1.1.31	none
B.1.1.310	none
B.1.1.311	none
B.1.1.312	none
B.1.1.315	AD.1,AD.2,AD.2.1
B.1.1.316	R.1,R.2
B.1.1.317	AS.1,AS.2
B.1.1.318	AZ.1,AZ.2,AZ.2.1,AZ.3,AZ.4,AZ.5,AZ.6
B.1.1.319	none
B.1.1.320	none
B.1.1.322	none
B.1.1.323	none
B.1.1.324	none
B.1.1.325	none
B.1.1.326	none
B.1.1.327	none
B.1.1.328	none
B.1.1.329	none
B.1.1.33	N.1,N.2,N.3,N.4,N.5,N.6,N.7,N.8,N.9,N.10
B.1.1.330	none
B.1.1.331	none
B.1.1.332	none
B.1.1.333	none
B.1.1.334	none
B.1.1.335	none
B.1.1.336	none
B.1.1.337	none
B.1.1.338	none
B.1.1.339	none
B.1.1.34	none
B.1.1.340	none
B.1.1.341	none
B.1.1.342	none
B.1.1.343	none
B.1.1.344	none
B.1.1.345	none
B.1.1.346	none
B.1.1.347	none
B.1.1.348	none
B.1.1.349	none
B.1.1.350	none
B.1.1.351	none
B.1.1.352	none
B.1.1.353	none
B.1.1.354	none
B.1.1.355	none
B.1.1.356	none
B.1.1.357	none
B.1.1.358	none
B.1.1.359	none
B.1.1.360	none
B.1.1.361	none
B.1.1.362	none
B.1.1.363	none
B.1.1.364	none
B.1.1.365	none
B.1.1.366	none
B.1.1.367	none
B.1.1.368	none
B.1.1.369	none
B.1.1.37	none
B.1.1.370	AT.1
B.1.1.371	none
B.1.1.372	none
B.1.1.373	none
B.1.1.374	none
B.1.1.375	none
B.1.1.376	none
B.1.1.377	none
B.1.1.378	none
B.1.1.379	none
B.1.1.38	none
B.1.1.380	none
B.1.1.381	none
B.1.1.382	none
B.1.1.383	none
B.1.1.384	none
B.1.1.385	none
B.1.1.386	none
B.1.1.387	none
B.1.1.388	none
B.1.1.389	none
B.1.1.39	AQ.1,AQ.2
B.1.1.391	none
B.1.1.392	none
B.1.1.393	none
B.1.1.394	none
B.1.1.395	none
B.1.1.396	none
B.1.1.397	none
B.1.1.398	none
B.1.1.399	none
B.1.1.4	none
B.1.1.40	none
B.1.1.400	none
B.1.1.401	none
B.1.1.402	none
B.1.1.403	none
B.1.1.404	none
B.1.1.405	AC.1
B.1.1.406	none
B.1.1.407	none
B.1.1.408	none
B.1.1.409	none
B.1.1.41	none
B.1.1.410	none
B.1.1.411	none
B.1.1.412	none
B.1.1.413	none
B.1.1.414	none
B.1.1.415	none
B.1.1.416	none
B.1.1.417	none
B.1.1.418	none
B.1.1.419	none
B.1.1.420	none
B.1.1.421	none
B.1.1.422	none
B.1.1.423	none
B.1.1.424	none
B.1.1.425	none
B.1.1.426	none
B.1.1.427	none
B.1.1.428	none
B.1.1.429	none
B.1.1.43	none
B.1.1.430	none
B.1.1.431	none
B.1.1.432	none
B.1.1.433	none
B.1.1.434	none
B.1.1.435	none
B.1.1.436	none
B.1.1.437	none
B.1.1.438	none
B.1.1.44	none
B.1.1.440	none
B.1.1.441	none
B.1.1.442	none
B.1.1.444	none
B.1.1.445	none
B.1.1.446	none
B.1.1.447	none
B.1.1.448	none
B.1.1.449	none
B.1.1.45	none
B.1.1.450	none
B.1.1.451	none
B.1.1.452	none
B.1.1.453	none
B.1.1.456	none
B.1.1.458	none
B.1.1.459	none
B.1.1.46	none
B.1.1.461	none
B.1.1.462	none
B.1.1.463	none
B.1.1.464	AW.1
B.1.1.465	none
B.1.1.466	none
B.1.1.467	none
B.1.1.47	none
B.1.1.48	none
B.1.1.480	none
B.1.1.481	none
B.1.1.482	AV.1
B.1.1.483	none
B.1.1.484	none
B.1.1.485	none
B.1.1.486	none
B.1.1.487	none
B.1.1.49	none
B.1.1.5	none
B.1.1.50	none
B.1.1.500	none
B.1.1.506	none
B.1.1.507	none
B.1.1.51	none
B.1.1.512	none
B.1.1.513	none
B.1.1.514	none
B.1.1.515	none
B.1.1.516	none
B.1.1.517	none
B.1.1.518	none
B.1.1.519	none
B.1.1.52	none
B.1.1.521	none
B.1.1.522	none
B.1.1.523	none
B.1.1.524	none
B.1.1.525	none
B.1.1.526	none
B.1.1.528	none
B.1.1.53	none
B.1.1.54	none
B.1.1.55	none
B.1.1.56	none
B.1.1.57	none
B.1.1.58	none
B.1.1.59	none
B.1.1.61	none
B.1.1.62	none
B.1.1.63	none
B.1.1.67	none
B.1.1.7	Q.1,Q.2,Q.3,Q.4,Q.5,Q.6,Q.7,Q.8
B.1.1.70	AP.1
B.1.1.71	none
B.1.1.72	none
B.1.1.74	none
B.1.1.75	none
B.1.1.77	none
B.1.1.8	none
B.1.1.82	none
B.1.1.83	none
B.1.1.84	none
B.1.1.86	none
B.1.1.87	none
B.1.1.88	none
B.1.1.89	none
B.1.1.90	none
B.1.1.91	none
B.1.1.92	none
B.1.1.93	none
B.1.1.95	none
B.1.1.97	none
B.1.1.98	none
B.1.1.99	none
B.1.103	none
B.1.104	none
B.1.105	none
B.1.106	none
B.1.108	none
B.1.110	B.1.110.1,B.1.110.2,B.1.110.3
B.1.110.1	none
B.1.110.2	none
B.1.110.3	none
B.1.111	none
B.1.112	none
B.1.113	none
B.1.115	none
B.1.116	none
B.1.117	none
B.1.118	none
B.1.119	none
B.1.12	none
B.1.120	none
B.1.124	none
B.1.126	none
B.1.127	none
B.1.128	none
B.1.13	none
B.1.131	none
B.1.134	none
B.1.137	none
B.1.139	none
B.1.14	none
B.1.140	none
B.1.142	none
B.1.143	none
B.1.145	none
B.1.146	none
B.1.147	none
B.1.149	none
B.1.151	none
B.1.153	none
B.1.157	none
B.1.158	none
B.1.159	none
B.1.160	B.1.160.7,B.1.160.8,B.1.160.9,B.1.160.10,B.1.160.11,B.1.160.12,B.1.160.13,B.1.160.14,B.1.160.15,B.1.160.16,AB.1,B.1.160.17,B.1.160.18,B.1.160.19,B.1.160.20,B.1.160.21,B.1.160.22,B.1.160.23,B.1.160.24,B.1.160.25,B.1.160.26,B.1.160.27,B.1.160.28,B.1.160.29,B.1.160.30,B.1.160.31,B.1.160.32,B.1.160.33
B.1.160.10	none
B.1.160.11	none
B.1.160.12	none
B.1.160.13	none
B.1.160.14	none
B.1.160.15	none
B.1.160.16	AB.1
B.1.160.17	none
B.1.160.18	none
B.1.160.19	none
B.1.160.20	none
B.1.160.21	none
B.1.160.22	none
B.1.160.23	none
B.1.160.24	none
B.1.160.25	none
B.1.160.26	none
B.1.160.27	none
B.1.160.28	none
B.1.160.29	none
B.1.160.30	none
B.1.160.31	none
B.1.160.32	none
B.1.160.33	none
B.1.160.7	none
B.1.160.8	none
B.1.160.9	none
B.1.161	none
B.1.162	none
B.1.163	none
B.1.164	none
B.1.165	none
B.1.166	none
B.1.167	none
B.1.168	none
B.1.169	none
B.1.170	none
B.1.173	none
B.1.177	B.1.177.2,B.1.177.3,B.1.177.4,B.1.177.5,B.1.177.6,B.1.177.7,B.1.177.8,B.1.177.9,B.1.177.10,B.1.177.11,B.1.177.12,B.1.177.14,B.1.177.15,AA.1,AA.2,AA.3,AA.4,AA.5,AA.6,AA.7,AA.8,B.1.177.16,B.1.177.17,B.1.177.18,B.1.177.19,B.1.177.20,B.1.177.21,B.1.177.23,B.1.177.24,B.1.177.25,B.1.177.26,B.1.177.27,B.1.177.28,B.1.177.29,B.1.177.30,B.1.177.31,B.1.177.32,B.1.177.33,B.1.177.34,B.1.177.35,B.1.177.36,B.1.177.37,B.1.177.38,B.1.177.39,B.1.177.40,B.1.177.41,B.1.177.42,B.1.177.43,B.1.177.44,B.1.177.45,B.1.177.46,B.1.177.47,B.1.177.48,B.1.177.49,B.1.177.50,Z.1,B.1.177.51,B.1.177.52,Y.1,B.1.177.53,W.1,W.2,W.3,W.4,B.1.177.54,V.1,V.2,B.1.177.55,B.1.177.56,B.1.177.57,B.1.177.58,B.1.177.59,B.1.177.60,U.1,U.2,U.3,B.1.177.61,B.1.177.62,B.1.177.63,B.1.177.64,B.1.177.65,B.1.177.66,B.1.177.67,B.1.177.68,B.1.177.69,B.1.177.70,B.1.177.71,B.1.177.72,B.1.177.73,B.1.177.74,B.1.177.75,B.1.177.76,B.1.177.77,B.1.177.78,B.1.177.80,B.1.177.81,B.1.177.82,B.1.177.83,B.1.177.84,B.1.177.85,B.1.177.86,B.1.177.87,B.1.177.88,B.1.177.89
B.1.177.10	none
B.1.177.11	none
B.1.177.12	none
B.1.177.14	none
B.1.177.15	AA.1,AA.2,AA.3,AA.4,AA.5,AA.6,AA.7,AA.8
B.1.177.16	none
B.1.177.17	none
B.1.177.18	none
B.1.177.19	none
B.1.177.2	none
B.1.177.20	none
B.1.177.21	none
B.1.177.23	none
B.1.177.24	none
B.1.177.25	none
B.1.177.26	none
B.1.177.27	none
B.1.177.28	none
B.1.177.29	none
B.1.177.3	none
B.1.177.30	none
B.1.177.31	none
B.1.177.32	none
B.1.177.33	none
B.1.177.34	none
B.1.177.35	none
B.1.177.36	none
B.1.177.37	none
B.1.177.38	none
B.1.177.39	none
B.1.177.4	none
B.1.177.40	none
B.1.177.41	none
B.1.177.42	none
B.1.177.43	none
B.1.177.44	none
B.1.177.45	none
B.1.177.46	none
B.1.177.47	none
B.1.177.48	none
B.1.177.49	none
B.1.177.5	none
B.1.177.50	Z.1
B.1.177.51	none
B.1.177.52	Y.1
B.1.177.53	W.1,W.2,W.3,W.4
B.1.177.54	V.1,V.2
B.1.177.55	none
B.1.177.56	none
B.1.177.57	none
B.1.177.58	none
B.1.177.59	none
B.1.177.6	none
B.1.177.60	U.1,U.2,U.3
B.1.177.61	none
B.1.177.62	none
B.1.177.63	none
B.1.177.64	none
B.1.177.65	none
B.1.177.66	none
B.1.177.67	none
B.1.177.68	none
B.1.177.69	none
B.1.177.7	none
B.1.177.70	none
B.1.177.71	none
B.1.177.72	none
B.1.177.73	none
B.1.177.74	none
B.1.177.75	none
B.1.177.76	none
B.1.177.77	none
B.1.177.78	none
B.1.177.8	none
B.1.177.80	none
B.1.177.81	none
B.1.177.82	none
B.1.177.83	none
B.1.177.84	none
B.1.177.85	none
B.1.177.86	none
B.1.177.87	none
B.1.177.88	none
B.1.177.89	none
B.1.177.9	none
B.1.178	none
B.1.179	none
B.1.180	none
B.1.181	none
B.1.182	none
B.1.184	none
B.1.187	none
B.1.188	none
B.1.189	none
B.1.190	none
B.1.192	none
B.1.194	none
B.1.195	none
B.1.198	none
B.1.199	none
B.1.2	none
B.1.201	none
B.1.203	none
B.1.205	none
B.1.206	none
B.1.208	none
B.1.210	none
B.1.211	none
B.1.212	none
B.1.213	none
B.1.214	B.1.214.1,B.1.214.2,B.1.214.3,B.1.214.4
B.1.214.1	none
B.1.214.2	none
B.1.214.3	none
B.1.214.4	none
B.1.215	none
B.1.218	none
B.1.219	none
B.1.22	B.1.22.1
B.1.22.1	none
B.1.220	none
B.1.221	B.1.221.1,B.1.221.2,B.1.221.3,B.1.221.4
B.1.221.1	none
B.1.221.2	none
B.1.221.3	none
B.1.221.4	none
B.1.222	none
B.1.223	none
B.1.224	none
B.1.225	none
B.1.227	none
B.1.229	none
B.1.23	none
B.1.231	none
B.1.232	none
B.1.233	none
B.1.234	none
B.1.235	none
B.1.236	none
B.1.237	none
B.1.238	none
B.1.239	none
B.1.240	B.1.240.1,B.1.240.2
B.1.240.1	none
B.1.240.2	none
B.1.241	none
B.1.242	none
B.1.243	B.1.243.1,B.1.243.2
B.1.243.1	none
B.1.243.2	none
B.1.245	none
B.1.247	none
B.1.248	none
B.1.249	none
B.1.250	none
B.1.251	none
B.1.252	none
B.1.254	none
B.1.256	none
B.1.258	B.1.258.2,G.1,B.1.258.3,B.1.258.4,B.1.258.5,B.1.258.6,B.1.258.7,B.1.258.9,B.1.258.10,B.1.258.11,B.1.258.12,B.1.258.14,B.1.258.15,B.1.258.16,B.1.258.17,B.1.258.18,B.1.258.19,B.1.258.20,B.1.258.21,B.1.258.22,B.1.258.23,B.1.258.24
B.1.258.10	none
B.1.258.11	none
B.1.258.12	none
B.1.258.14	none
B.1.258.15	none
B.1.258.16	none
B.1.258.17	none
B.1.258.18	none
B.1.258.19	none
B.1.258.2	G.1
B.1.258.20	none
B.1.258.21	none
B.1.258.22	none
B.1.258.23	none
B.1.258.24	none
B.1.258.3	none
B.1.258.4	none
B.1.258.5	none
B.1.258.6	none
B.1.258.7	none
B.1.258.9	none
B.1.260	none
B.1.263	none
B.1.264	B.1.264.1
B.1.264.1	none
B.1.265	none
B.1.267	none
B.1.268	none
B.1.270	none
B.1.273	none
B.1.274	none
B.1.276	none
B.1.277	none
B.1.279	none
B.1.280	none
B.1.281	none
B.1.282	none
B.1.284	none
B.1.285	none
B.1.287	none
B.1.289	none
B.1.291	none
B.1.292	none
B.1.293	none
B.1.294	none
B.1.298	none
B.1.3	none
B.1.301	none
B.1.302	none
B.1.304	none
B.1.305	none
B.1.306	none
B.1.308	none
B.1.309	none
B.1.310	none
B.1.311	none
B.1.313	none
B.1.314	none
B.1.315	none
B.1.316	none
B.1.318	none
B.1.319	none
B.1.320	none
B.1.321	none
B.1.323	none
B.1.324	none
B.1.325	none
B.1.326	none
B.1.328	none
B.1.329	none
B.1.330	none
B.1.332	none
B.1.333	none
B.1.334	none
B.1.335	none
B.1.336	none
B.1.337	none
B.1.338	none
B.1.340	none
B.1.341	none
B.1.342	none
B.1.343	none
B.1.344	none
B.1.346	none
B.1.348	none
B.1.349	none
B.1.35	none
B.1.350	B.1.350.1
B.1.350.1	none
B.1.351	B.1.351.1,B.1.351.2,B.1.351.3,B.1.351.5
B.1.351.1	none
B.1.351.2	none
B.1.351.3	none
B.1.351.5	none
B.1.354	none
B.1.355	none
B.1.356	none
B.1.357	none
B.1.358	none
B.1.359	none
B.1.36	B.1.36.1,B.1.36.2,B.1.36.7,B.1.36.8,B.1.36.9,B.1.36.10,B.1.36.12,B.1.36.16,B.1.36.17,B.1.36.18,B.1.36.19,B.1.36.20,B.1.36.21,B.1.36.22,B.1.36.23,B.1.36.24,B.1.36.25,B.1.36.26,B.1.36.27,B.1.36.28,B.1.36.29,B.1.36.31,B.1.36.33,B.1.36.34,B.1.36.35,B.1.36.36,B.1.36.37,B.1.36.38,B.1.36.39
B.1.36.1	none
B.1.36.10	none
B.1.36.12	none
B.1.36.16	none
B.1.36.17	none
B.1.36.18	none
B.1.36.19	none
B.1.36.2	none
B.1.36.20	none
B.1.36.21	none
B.1.36.22	none
B.1.36.23	none
B.1.36.24	none
B.1.36.25	none
B.1.36.26	none
B.1.36.27	none
B.1.36.28	none
B.1.36.29	none
B.1.36.31	none
B.1.36.33	none
B.1.36.34	none
B.1.36.35	none
B.1.36.36	none
B.1.36.37	none
B.1.36.38	none
B.1.36.39	none
B.1.36.7	none
B.1.36.8	none
B.1.36.9	none
B.1.360	none
B.1.361	none
B.1.362	B.1.362.1,B.1.362.2
B.1.362.1	none
B.1.362.2	none
B.1.363	none
B.1.366	none
B.1.367	none
B.1.369	B.1.369.1
B.1.369.1	none
B.1.37	none
B.1.370	none
B.1.371	none
B.1.372	none
B.1.375	none
B.1.377	none
B.1.378	none
B.1.379	none
B.1.38	none
B.1.380	none
B.1.381	none
B.1.382	none
B.1.383	none
B.1.384	none
B.1.385	none
B.1.387	none
B.1.388	none
B.1.389	none
B.1.39	none
B.1.390	none
B.1.391	none
B.1.393	none
B.1.395	none
B.1.396	none
B.1.397	none
B.1.398	none
B.1.399	none
B.1.40	none
B.1.400	B.1.400.1
B.1.400.1	none
B.1.401	none
B.1.402	none
B.1.403	none
B.1.404	none
B.1.405	none
B.1.406	none
B.1.407	none
B.1.408	none
B.1.409	none
B.1.411	none
B.1.413	none
B.1.415	B.1.415.1
B.1.415.1	none
B.1.416	B.1.416.1
B.1.416.1	none
B.1.417	none
B.1.418	none
B.1.420	none
B.1.421	none
B.1.422	none
B.1.423	none
B.1.424	none
B.1.425	none
B.1.426	none
B.1.427	none
B.1.428	B.1.428.1,B.1.428.2,B.1.428.3
B.1.428.1	none
B.1.428.2	none
B.1.428.3	none
B.1.429	B.1.429.1
B.1.429.1	none
B.1.431	none
B.1.432	none
B.1.433	none
B.1.434	none
B.1.435	none
B.1.436	none
B.1.437	none
B.1.438	B.1.438.1,B.1.438.2,B.1.438.3,B.1.438.4
B.1.438.1	none
B.1.438.2	none
B.1.438.3	none
B.1.438.4	none
B.1.439	none
B.1.44	none
B.1.441	none
B.1.442	none
B.1.443	none
B.1.444	none
B.1.445	none
B.1.446	none
B.1.448	none
B.1.450	none
B.1.451	none
B.1.452	none
B.1.453	none
B.1.456	none
B.1.458	none
B.1.459	none
B.1.460	none
B.1.462	none
B.1.463	none
B.1.465	none
B.1.466	B.1.466.1,B.1.466.2,AU.1,AU.2,AU.3
B.1.466.1	none
B.1.466.2	AU.1,AU.2,AU.3
B.1.467	none
B.1.468	none
B.1.469	none
B.1.470	none
B.1.471	none
B.1.473	none
B.1.474	none
B.1.475	none
B.1.476	none
B.1.478	none
B.1.479	none
B.1.480	none
B.1.482	none
B.1.483	none
B.1.485	none
B.1.486	none
B.1.487	none
B.1.488	none
B.1.489	none
B.1.490	none
B.1.491	none
B.1.492	none
B.1.493	none
B.1.494	none
B.1.495	none
B.1.496	none
B.1.497	none
B.1.498	none
B.1.499	B.1.499.1
B.1.499.1	none
B.1.500	none
B.1.501	none
B.1.502	none
B.1.503	none
B.1.504	none
B.1.505	none
B.1.506	none
B.1.507	none
B.1.508	none
B.1.509	none
B.1.510	none
B.1.511	none
B.1.513	none
B.1.515	none
B.1.516	none
B.1.517	B.1.517.1
B.1.517.1	none
B.1.518	none
B.1.520	none
B.1.521	none
B.1.523	none
B.1.524	none
B.1.525	none
B.1.526	none
B.1.527	none
B.1.528	none
B.1.529	none
B.1.530	none
B.1.531	none
B.1.532	none
B.1.533	none
B.1.534	none
B.1.535	none
B.1.536	none
B.1.537	none
B.1.538	none
B.1.539	none
B.1.540	none
B.1.541	none
B.1.542	none
B.1.543	none
B.1.544	none
B.1.545	none
B.1.546	none
B.1.547	none
B.1.548	none
B.1.549	none
B.1.550	none
B.1.551	none
B.1.552	none
B.1.554	none
B.1.555	none
B.1.556	none
B.1.557	none
B.1.558	none
B.1.559	none
B.1.560	none
B.1.561	none
B.1.562	none
B.1.563	none
B.1.564	B.1.564.1
B.1.564.1	none
B.1.565	none
B.1.566	none
B.1.567	none
B.1.568	none
B.1.569	none
B.1.570	none
B.1.571	none
B.1.572	none
B.1.573	none
B.1.574	none
B.1.575	B.1.575.1,B.1.575.2
B.1.575.1	none
B.1.575.2	none
B.1.576	none
B.1.577	none
B.1.578	none
B.1.579	none
B.1.580	none
B.1.581	none
B.1.582	none
B.1.585	none
B.1.586	none
B.1.587	none
B.1.588	B.1.588.1
B.1.588.1	none
B.1.589	none
B.1.590	none
B.1.591	none
B.1.592	none
B.1.593	none
B.1.594	none
B.1.595	B.1.595.1,B.1.595.2,B.1.595.3,B.1.595.4
B.1.595.1	none
B.1.595.2	none
B.1.595.3	none
B.1.595.4	none
B.1.596	B.1.596.1
B.1.596.1	none
B.1.597	none
B.1.598	none
B.1.599	none
B.1.6	none
B.1.600	none
B.1.601	none
B.1.602	none
B.1.603	none
B.1.604	none
B.1.605	none
B.1.606	none
B.1.607	none
B.1.609	none
B.1.610	none
B.1.611	none
B.1.612	none
B.1.613	none
B.1.614	none
B.1.615	none
B.1.616	none
B.1.617	B.1.617.1,B.1.617.2,AY.1,AY.2,AY.3,AY.3.1,AY.3.2,AY.3.3,AY.3.4,AY.4,AY.4.1,AY.4.2,AY.4.2.1,AY.4.2.2,AY.4.2.3,AY.4.2.4,AY.4.2.5,AY.4.3,AY.4.4,AY.4.5,AY.4.6,AY.4.7,AY.4.8,AY.4.9,AY.4.10,AY.4.11,AY.4.12,AY.4.13,AY.4.14,AY.4.15,AY.4.16,AY.4.17,AY.5,AY.5.1,AY.5.2,AY.5.3,AY.5.4,AY.5.5,AY.5.6,AY.5.7,AY.6,AY.7,AY.7.1,AY.7.2,AY.8,AY.9,AY.9.2,AY.9.2.1,AY.9.2.2,AY.10,AY.11,AY.13,AY.14,AY.15,AY.16,AY.16.1,AY.17,AY.18,AY.19,AY.20,AY.20.1,AY.21,AY.22,AY.23,AY.23.1,AY.23.2,AY.24,AY.24.1,AY.25,AY.25.1,AY.25.1.1,AY.25.1.2,AY.25.2,AY.25.3,AY.26,AY.26.1,AY.27,AY.28,AY.29,AY.29.1,AY.29.2,AY.30,AY.31,AY.32,AY.33,AY.33.1,AY.33.2,AY.34,AY.34.1,AY.34.1.1,AY.34.2,AY.35,AY.36,AY.36.1,AY.37,AY.38,AY.39,AY.39.1,AY.39.1.1,AY.39.1.2,AY.39.1.3,AY.39.1.4,AY.39.2,AY.39.3,AY.40,AY.41,AY.42,AY.42.1,AY.43,AY.43.1,AY.43.2,AY.43.3,AY.43.4,AY.43.5,AY.43.6,AY.43.7,AY.43.8,AY.43.9,AY.44,AY.45,AY.46,AY.46.1,AY.46.2,AY.46.3,AY.46.4,AY.46.5,AY.46.6,AY.46.6.1,AY.47,AY.48,AY.49,AY.50,AY.51,AY.52,AY.53,AY.54,AY.55,AY.56,AY.57,AY.58,AY.59,AY.60,AY.61,AY.62,AY.63,AY.64,AY.65,AY.66,AY.67,AY.68,AY.69,AY.70,AY.71,AY.72,AY.73,AY.74,AY.75,AY.75.2,AY.75.3,AY.76,AY.77,AY.78,AY.79,AY.80,AY.81,AY.82,AY.83,AY.84,AY.85,AY.86,AY.87,AY.88,AY.90,AY.91,AY.91.1,AY.92,AY.93,AY.94,AY.95,AY.98,AY.98.1,AY.98.1.1,AY.99,AY.99.1,AY.99.2,AY.100,AY.101,AY.102,AY.102.1,AY.102.2,AY.103,AY.103.1,AY.103.2,AY.104,AY.105,AY.106,AY.107,AY.108,AY.109,AY.110,AY.111,AY.112,AY.112.1,AY.112.2,AY.112.3,AY.113,AY.114,AY.116,AY.116.1,AY.117,AY.118,AY.119,AY.119.1,AY.119.2,AY.120,AY.120.1,AY.120.2,AY.120.2.1,AY.121,AY.121.1,AY.122,AY.122.1,AY.122.2,AY.122.3,AY.122.4,AY.122.5,AY.122.6,AY.123,AY.123.1,AY.124,AY.124.1,AY.124.1.1,AY.125,AY.125.1,AY.126,AY.127,AY.127.1,AY.127.2,AY.127.3,AY.128,AY.129,AY.130,AY.131,AY.132,AY.133,AY.134,B.1.617.3
B.1.617.1	none
B.1.617.2	AY.1,AY.2,AY.3,AY.3.1,AY.3.2,AY.3.3,AY.3.4,AY.4,AY.4.1,AY.4.2,AY.4.2.1,AY.4.2.2,AY.4.2.3,AY.4.2.4,AY.4.2.5,AY.4.3,AY.4.4,AY.4.5,AY.4.6,AY.4.7,AY.4.8,AY.4.9,AY.4.10,AY.4.11,AY.4.12,AY.4.13,AY.4.14,AY.4.15,AY.4.16,AY.4.17,AY.5,AY.5.1,AY.5.2,AY.5.3,AY.5.4,AY.5.5,AY.5.6,AY.5.7,AY.6,AY.7,AY.7.1,AY.7.2,AY.8,AY.9,AY.9.2,AY.9.2.1,AY.9.2.2,AY.10,AY.11,AY.13,AY.14,AY.15,AY.16,AY.16.1,AY.17,AY.18,AY.19,AY.20,AY.20.1,AY.21,AY.22,AY.23,AY.23.1,AY.23.2,AY.24,AY.24.1,AY.25,AY.25.1,AY.25.1.1,AY.25.1.2,AY.25.2,AY.25.3,AY.26,AY.26.1,AY.27,AY.28,AY.29,AY.29.1,AY.29.2,AY.30,AY.31,AY.32,AY.33,AY.33.1,AY.33.2,AY.34,AY.34.1,AY.34.1.1,AY.34.2,AY.35,AY.36,AY.36.1,AY.37,AY.38,AY.39,AY.39.1,AY.39.1.1,AY.39.1.2,AY.39.1.3,AY.39.1.4,AY.39.2,AY.39.3,AY.40,AY.41,AY.42,AY.42.1,AY.43,AY.43.1,AY.43.2,AY.43.3,AY.43.4,AY.43.5,AY.43.6,AY.43.7,AY.43.8,AY.43.9,AY.44,AY.45,AY.46,AY.46.1,AY.46.2,AY.46.3,AY.46.4,AY.46.5,AY.46.6,AY.46.6.1,AY.47,AY.48,AY.49,AY.50,AY.51,AY.52,AY.53,AY.54,AY.55,AY.56,AY.57,AY.58,AY.59,AY.60,AY.61,AY.62,AY.63,AY.64,AY.65,AY.66,AY.67,AY.68,AY.69,AY.70,AY.71,AY.72,AY.73,AY.74,AY.75,AY.75.2,AY.75.3,AY.76,AY.77,AY.78,AY.79,AY.80,AY.81,AY.82,AY.83,AY.84,AY.85,AY.86,AY.87,AY.88,AY.90,AY.91,AY.91.1,AY.92,AY.93,AY.94,AY.95,AY.98,AY.98.1,AY.98.1.1,AY.99,AY.99.1,AY.99.2,AY.100,AY.101,AY.102,AY.102.1,AY.102.2,AY.103,AY.103.1,AY.103.2,AY.104,AY.105,AY.106,AY.107,AY.108,AY.109,AY.110,AY.111,AY.112,AY.112.1,AY.112.2,AY.112.3,AY.113,AY.114,AY.116,AY.116.1,AY.117,AY.118,AY.119,AY.119.1,AY.119.2,AY.120,AY.120.1,AY.120.2,AY.120.2.1,AY.121,AY.121.1,AY.122,AY.122.1,AY.122.2,AY.122.3,AY.122.4,AY.122.5,AY.122.6,AY.123,AY.123.1,AY.124,AY.124.1,AY.124.1.1,AY.125,AY.125.1,AY.126,AY.127,AY.127.1,AY.127.2,AY.127.3,AY.128,AY.129,AY.130,AY.131,AY.132,AY.133,AY.134
B.1.617.3	none
B.1.618	none
B.1.619	B.1.619.1
B.1.619.1	none
B.1.620	none
B.1.621	B.1.621.1,BB.2,B.1.621.2
B.1.621.1	BB.2
B.1.621.2	none
B.1.622	none
B.1.623	none
B.1.625	none
B.1.626	none
B.1.627	none
B.1.629	none
B.1.630	none
B.1.631	none
B.1.632	none
B.1.633	none
B.1.634	none
B.1.635	none
B.1.636	none
B.1.637	B.1.637.1
B.1.637.1	none
B.1.638	none
B.1.639	none
B.1.640.1	none
B.1.640.2	none
B.1.641	none
B.1.67	none
B.1.69	none
B.1.70	none
B.1.76	none
B.1.77	none
B.1.78	none
B.1.8	none
B.1.81	none
B.1.83	none
B.1.84	none
B.1.9	B.1.9.1,B.1.9.2,B.1.9.3,B.1.9.4,B.1.9.5
B.1.9.1	none
B.1.9.2	none
B.1.9.3	none
B.1.9.4	none
B.1.9.5	none
B.1.91	none
B.1.93	none
B.1.94	none
B.1.96	none
B.1.97	none
B.10	none
B.11	none
B.12	none
B.13	none
B.15	none
B.18	none
B.19	none
B.20	none
B.23	none
B.26	none
B.27	none
B.28	none
B.29	none
B.3	B.3.1
B.3.1	none
B.30	none
B.31	none
B.32	none
B.33	none
B.34	none
B.35	none
B.36	none
B.37	none
B.38	none
B.39	none
B.4	B.4.1,B.4.2,B.4.4,B.4.5,B.4.6,B.4.7,B.4.8
B.4.1	none
B.4.2	none
B.4.4	none
B.4.5	none
B.4.6	none
B.4.7	none
B.4.8	none
B.40	none
B.41	none
B.42	none
B.43	none
B.44	none
B.45	none
B.46	none
B.47	none
B.49	none
B.5	none
B.50	none
B.51	none
B.52	none
B.53	none
B.55	none
B.56	none
B.57	none
B.58	none
B.6	B.6.1,B.6.2,B.6.3,B.6.4,B.6.5,B.6.6,B.6.8
B.6.1	none
B.6.2	none
B.6.3	none
B.6.4	none
B.6.5	none
B.6.6	none
B.6.8	none
B.60	none
B.61	none
BA.1	BA.1.1,BA.1.1.1,BC.1,BC.2,BA.1.1.2,BA.1.1.3,BA.1.1.4,BA.1.1.5,BA.1.1.6,BA.1.1.7,BA.1.1.8,BA.1.1.9,BA.1.1.10,BA.1.1.11,BA.1.1.12,BA.1.1.13,BA.1.1.14,BA.1.1.15,BA.1.1.16,BA.1.1.17,BA.1.1.18,BA.1.2,BA.1.3,BA.1.4,BA.1.5,BA.1.6,BA.1.7,BA.1.8,BA.1.9,BA.1.10,BA.1.12,BA.1.13,BA.1.13.1,BA.1.14,BA.1.14.1,BA.1.14.2,BA.1.15,BA.1.15.1,BA.1.15.2,BA.1.15.3,BA.1.16,BA.1.16.1,BA.1.16.2,BA.1.17,BA.1.17.1,BA.1.17.2,BD.1,BA.1.18,BA.1.19,BA.1.20,BA.1.21,BA.1.21.1,BA.1.22,BA.1.23,BA.1.24
BA.1.1	BA.1.1.1,BC.1,BC.2,BA.1.1.2,BA.1.1.3,BA.1.1.4,BA.1.1.5,BA.1.1.6,BA.1.1.7,BA.1.1.8,BA.1.1.9,BA.1.1.10,BA.1.1.11,BA.1.1.12,BA.1.1.13,BA.1.1.14,BA.1.1.15,BA.1.1.16,BA.1.1.17,BA.1.1.18
BA.1.1.1	BC.1,BC.2
BA.1.1.10	none
BA.1.1.11	none
BA.1.1.12	none
BA.1.1.13	none
BA.1.1.14	none
BA.1.1.15	none
BA.1.1.16	none
BA.1.1.17	none
BA.1.1.18	none
BA.1.1.2	none
BA.1.1.3	none
BA.1.1.4	none
BA.1.1.5	none
BA.1.1.6	none
BA.1.1.7	none
BA.1.1.8	none
BA.1.1.9	none
BA.1.10	none
BA.1.12	none
BA.1.13	BA.1.13.1
BA.1.13.1	none
BA.1.14	BA.1.14.1,BA.1.14.2
BA.1.14.1	none
BA.1.14.2	none
BA.1.15	BA.1.15.1,BA.1.15.2,BA.1.15.3
BA.1.15.1	none
BA.1.15.2	none
BA.1.15.3	none
BA.1.16	BA.1.16.1,BA.1.16.2
BA.1.16.1	none
BA.1.16.2	none
BA.1.17	BA.1.17.1,BA.1.17.2,BD.1
BA.1.17.1	none
BA.1.17.2	BD.1
BA.1.18	none
BA.1.19	none
BA.1.2	none
BA.1.20	none
BA.1.21	BA.1.21.1
BA.1.21.1	none
BA.1.22	none
BA.1.23	none
BA.1.24	none
BA.1.3	none
BA.1.4	none
BA.1.5	none
BA.1.6	none
BA.1.7	none
BA.1.8	none
BA.1.9	none
BA.2	BA.2.1,BA.2.2,BA.2.2.1,BA.2.3,BA.2.3.1,BA.2.3.2,BA.2.3.4,BA.2.3.5,BA.2.3.6,BA.2.3.7,BA.2.3.8,BA.2.3.9,BA.2.3.10,BA.2.3.11,BA.2.3.12,BA.2.3.13,BA.2.3.14,BA.2.3.15,BA.2.3.16,BP.1,BA.2.3.17,BA.2.3.18,BA.2.3.19,BA.2.3.20,BA.2.4,BA.2.5,BA.2.6,BA.2.7,BA.2.8,BA.2.9,BA.2.9.1,BA.2.9.2,BA.2.9.3,BA.2.9.4,BA.2.9.5,BA.2.9.6,BA.2.10,BA.2.10.1,BJ.1,BA.2.10.2,BA.2.10.3,BA.2.10.4,BA.2.11,BA.2.12,BA.2.12.1,BG.1,BG.2,BG.3,BG.4,BG.5,BG.6,BA.2.12.2,BA.2.13,BA.2.13.1,BA.2.14,BA.2.15,BA.2.16,BA.2.17,BA.2.18,BA.2.19,BA.2.20,BA.2.21,BA.2.22,BA.2.23,BA.2.23.1,BA.2.24,BA.2.25,BA.2.25.1,BA.2.26,BA.2.27,BA.2.28,BA.2.29,BA.2.30,BA.2.31,BA.2.32,BA.2.33,BA.2.34,BA.2.35,BA.2.36,BA.2.37,BA.2.38,BA.2.38.1,BA.2.38.2,BA.2.38.3,BH.1,BA.2.39,BA.2.40,BA.2.40.1,BA.2.41,BA.2.42,BA.2.43,BA.2.44,BA.2.45,BA.2.46,BA.2.47,BA.2.48,BA.2.49,BA.2.50,BA.2.51,BA.2.52,BA.2.53,BA.2.54,BA.2.55,BA.2.56,BA.2.56.1,BA.2.57,BA.2.58,BA.2.59,BA.2.60,BA.2.61,BA.2.62,BA.2.63,BA.2.64,BA.2.65,BA.2.66,BA.2.67,BA.2.68,BA.2.69,BA.2.70,BA.2.71,BA.2.72,BA.2.73,BA.2.74,BA.2.75,BA.2.75.1,BL.1,BL.2,BL.3,BL.4,BA.2.75.2,BA.2.75.3,BM.1,BM.1.1,BM.2,BM.3,BA.2.75.4,BR.1,BA.2.75.5,BN.1,BN.2,BN.2.1,BA.2.75.6,BA.2.75.7,BA.2.76,BA.2.76.1,BA.2.76.2,BA.2.77,BA.2.78,BA.2.79,BA.2.79.1,BA.2.80,BA.2.81,BA.2.82
BA.2.1	none
BA.2.10	BA.2.10.1,BJ.1,BA.2.10.2,BA.2.10.3,BA.2.10.4
BA.2.10.1	BJ.1
BA.2.10.2	none
BA.2.10.3	none
BA.2.10.4	none
BA.2.11	none
BA.2.12	BA.2.12.1,BG.1,BG.2,BG.3,BG.4,BG.5,BG.6,BA.2.12.2
BA.2.12.1	BG.1,BG.2,BG.3,BG.4,BG.5,BG.6
BA.2.12.2	none
BA.2.13	BA.2.13.1
BA.2.13.1	none
BA.2.14	none
BA.2.15	none
BA.2.16	none
BA.2.17	none
BA.2.18	none
BA.2.19	none
BA.2.2	BA.2.2.1
BA.2.2.1	none
BA.2.20	none
BA.2.21	none
BA.2.22	none
BA.2.23	BA.2.23.1
BA.2.23.1	none
BA.2.24	none
BA.2.25	BA.2.25.1
BA.2.25.1	none
BA.2.26	none
BA.2.27	none
BA.2.28	none
BA.2.29	none
BA.2.3	BA.2.3.1,BA.2.3.2,BA.2.3.4,BA.2.3.5,BA.2.3.6,BA.2.3.7,BA.2.3.8,BA.2.3.9,BA.2.3.10,BA.2.3.11,BA.2.3.12,BA.2.3.13,BA.2.3.14,BA.2.3.15,BA.2.3.16,BP.1,BA.2.3.17,BA.2.3.18,BA.2.3.19,BA.2.3.20
BA.2.3.1	none
BA.2.3.10	none
BA.2.3.11	none
BA.2.3.12	none
BA.2.3.13	none
BA.2.3.14	none
BA.2.3.15	none
BA.2.3.16	BP.1
BA.2.3.17	none
BA.2.3.18	none
BA.2.3.19	none
BA.2.3.2	none
BA.2.3.20	none
BA.2.3.4	none
BA.2.3.5	none
BA.2.3.6	none
BA.2.3.7	none
BA.2.3.8	none
BA.2.3.9	none
BA.2.30	none
BA.2.31	none
BA.2.32	none
BA.2.33	none
BA.2.34	none
BA.2.35	none
BA.2.36	none
BA.2.37	none
BA.2.38	BA.2.38.1,BA.2.38.2,BA.2.38.3,BH.1
BA.2.38.1	none
BA.2.38.2	none
BA.2.38.3	BH.1
BA.2.39	none
BA.2.4	none
BA.2.40	BA.2.40.1
BA.2.40.1	none
BA.2.41	none
BA.2.42	none
BA.2.43	none
BA.2.44	none
BA.2.45	none
BA.2.46	none
BA.2.47	none
BA.2.48	none
BA.2.49	none
BA.2.5	none
BA.2.50	none
BA.2.51	none
BA.2.52	none
BA.2.53	none
BA.2.54	none
BA.2.55	none
BA.2.56	BA.2.56.1
BA.2.56.1	none
BA.2.57	none
BA.2.58	none
BA.2.59	none
BA.2.6	none
BA.2.60	none
BA.2.61	none
BA.2.62	none
BA.2.63	none
BA.2.64	none
BA.2.65	none
BA.2.66	none
BA.2.67	none
BA.2.68	none
BA.2.69	none
BA.2.7	none
BA.2.70	none
BA.2.71	none
BA.2.72	none
BA.2.73	none
BA.2.74	none
BA.2.75	BA.2.75.1,BL.1,BL.2,BL.3,BL.4,BA.2.75.2,BA.2.75.3,BM.1,BM.1.1,BM.2,BM.3,BA.2.75.4,BR.1,BA.2.75.5,BN.1,BN.2,BN.2.1,BA.2.75.6,BA.2.75.7
BA.2.75.1	BL.1,BL.2,BL.3,BL.4
BA.2.75.2	none
BA.2.75.3	BM.1,BM.1.1,BM.2,BM.3
BA.2.75.4	BR.1
BA.2.75.5	BN.1,BN.2,BN.2.1
BA.2.75.6	none
BA.2.75.7	none
BA.2.76	BA.2.76.1,BA.2.76.2
BA.2.76.1	none
BA.2.76.2	none
BA.2.77	none
BA.2.78	none
BA.2.79	BA.2.79.1
BA.2.79.1	none
BA.2.8	none
BA.2.80	none
BA.2.81	none
BA.2.82	none
BA.2.9	BA.2.9.1,BA.2.9.2,BA.2.9.3,BA.2.9.4,BA.2.9.5,BA.2.9.6
BA.2.9.1	none
BA.2.9.2	none
BA.2.9.3	none
BA.2.9.4	none
BA.2.9.5	none
BA.2.9.6	none
BA.3	BA.3.1
BA.3.1	none
BA.4	BA.4.1,BA.4.1.1,BA.4.1.2,BA.4.1.3,BA.4.1.4,BA.4.1.5,BA.4.1.6,BA.4.1.7,BA.4.1.8,BA.4.1.9,BA.4.2,BA.4.3,BA.4.4,BA.4.5,BA.4.6,BA.4.7,BA.4.8
BA.4.1	BA.4.1.1,BA.4.1.2,BA.4.1.3,BA.4.1.4,BA.4.1.5,BA.4.1.6,BA.4.1.7,BA.4.1.8,BA.4.1.9
BA.4.1.1	none
BA.4.1.2	none
BA.4.1.3	none
BA.4.1.4	none
BA.4.1.5	none
BA.4.1.6	none
BA.4.1.7	none
BA.4.1.8	none
BA.4.1.9	none
BA.4.2	none
BA.4.3	none
BA.4.4	none
BA.4.5	none
BA.4.6	none
BA.4.7	none
BA.4.8	none
BA.5	BA.5.1,BA.5.1.1,BA.5.1.2,BA.5.1.3,BA.5.1.4,BA.5.1.5,BA.5.1.6,BA.5.1.7,BA.5.1.8,BA.5.1.9,BA.5.1.10,BK.1,BA.5.1.11,BA.5.1.12,BA.5.1.13,BA.5.1.14,BA.5.1.15,BA.5.1.16,BA.5.1.17,BA.5.1.18,BA.5.1.19,BA.5.2,BA.5.2.1,BF.1,BF.1.1,BF.2,BF.3,BF.3.1,BF.4,BF.5,BF.6,BF.7,BF.8,BF.9,BF.10,BF.11,BF.12,BF.13,BF.14,BF.15,BF.16,BF.17,BF.18,BF.19,BF.20,BF.21,BF.22,BA.5.2.2,BA.5.2.3,BA.5.2.4,BA.5.2.5,BA.5.2.6,BA.5.2.7,BA.5.2.8,BA.5.2.9,BA.5.2.10,BA.5.2.11,BA.5.2.12,BA.5.3,BA.5.3.1,BE.1,BE.1.1,BE.1.1.1,BQ.1,BE.1.2,BE.1.3,BE.2,BE.3,BA.5.3.2,BA.5.3.3,BA.5.3.4,BA.5.5,BA.5.5.1,BA.5.5.2,BA.5.5.3,BA.5.6,BA.5.6.1,BA.5.6.2,BA.5.7,BA.5.8,BA.5.9,BA.5.10
BA.5.1	BA.5.1.1,BA.5.1.2,BA.5.1.3,BA.5.1.4,BA.5.1.5,BA.5.1.6,BA.5.1.7,BA.5.1.8,BA.5.1.9,BA.5.1.10,BK.1,BA.5.1.11,BA.5.1.12,BA.5.1.13,BA.5.1.14,BA.5.1.15,BA.5.1.16,BA.5.1.17,BA.5.1.18,BA.5.1.19
BA.5.1.1	none
BA.5.1.10	BK.1
BA.5.1.11	none
BA.5.1.12	none
BA.5.1.13	none
BA.5.1.14	none
BA.5.1.15	none
BA.5.1.16	none
BA.5.1.17	none
BA.5.1.18	none
BA.5.1.19	none
BA.5.1.2	none
BA.5.1.3	none
BA.5.1.4	none
BA.5.1.5	none
BA.5.1.6	none
BA.5.1.7	none
BA.5.1.8	none
BA.5.1.9	none
BA.5.10	none
BA.5.2	BA.5.2.1,BF.1,BF.1.1,BF.2,BF.3,BF.3.1,BF.4,BF.5,BF.6,BF.7,BF.8,BF.9,BF.10,BF.11,BF.12,BF.13,BF.14,BF.15,BF.16,BF.17,BF.18,BF.19,BF.20,BF.21,BF.22,BA.5.2.2,BA.5.2.3,BA.5.2.4,BA.5.2.5,BA.5.2.6,BA.5.2.7,BA.5.2.8,BA.5.2.9,BA.5.2.10,BA.5.2.11,BA.5.2.12
BA.5.2.1	BF.1,BF.1.1,BF.2,BF.3,BF.3.1,BF.4,BF.5,BF.6,BF.7,BF.8,BF.9,BF.10,BF.11,BF.12,BF.13,BF.14,BF.15,BF.16,BF.17,BF.18,BF.19,BF.20,BF.21,BF.22
BA.5.2.10	none
BA.5.2.11	none
BA.5.2.12	none
BA.5.2.2	none
BA.5.2.3	none
BA.5.2.4	none
BA.5.2.5	none
BA.5.2.6	none
BA.5.2.7	none
BA.5.2.8	none
BA.5.2.9	none
BA.5.3	BA.5.3.1,BE.1,BE.1.1,BE.1.1.1,BQ.1,BE.1.2,BE.1.3,BE.2,BE.3,BA.5.3.2,BA.5.3.3,BA.5.3.4
BA.5.3.1	BE.1,BE.1.1,BE.1.1.1,BQ.1,BE.1.2,BE.1.3,BE.2,BE.3
BA.5.3.2	none
BA.5.3.3	none
BA.5.3.4	none
BA.5.5	BA.5.5.1,BA.5.5.2,BA.5.5.3
BA.5.5.1	none
BA.5.5.2	none
BA.5.5.3	none
BA.5.6	BA.5.6.1,BA.5.6.2
BA.5.6.1	none
BA.5.6.2	none
BA.5.7	none
BA.5.8	none
BA.5.9	none
BB.2	none
BC.1	none
BC.2	none
BD.1	none
BE.1	BE.1.1,BE.1.1.1,BQ.1,BE.1.2,BE.1.3
BE.1.1	BE.1.1.1,BQ.1
BE.1.1.1	BQ.1
BE.1.2	none
BE.1.3	none
BE.2	none
BE.3	none
BF.1	BF.1.1
BF.1.1	none
BF.10	none
BF.11	none
BF.12	none
BF.13	none
BF.14	none
BF.15	none
BF.16	none
BF.17	none
BF.18	none
BF.19	none
BF.2	none
BF.20	none
BF.21	none
BF.22	none
BF.3	BF.3.1
BF.3.1	none
BF.4	none
BF.5	none
BF.6	none
BF.7	none
BF.8	none
BF.9	none
BG.1	none
BG.2	none
BG.3	none
BG.4	none
BG.5	none
BG.6	none
BH.1	none
BJ.1	none
BK.1	none
BL.1	none
BL.2	none
BL.3	none
BL.4	none
BM.1	BM.1.1
BM.1.1	none
BM.2	none
BM.3	none
BN.1	none
BN.2	BN.2.1
BN.2.1	none
BP.1	none
BQ.1	none
BR.1	none
C.1	C.1.1,C.1.2
C.1.1	none
C.1.2	none
C.10	none
C.11	none
C.12	none
C.13	none
C.14	none
C.16	none
C.17	none
C.18	none
C.19	none
C.2	C.2.1
C.2.1	none
C.20	none
C.21	none
C.22	none
C.23	none
C.25	none
C.26	none
C.27	none
C.28	none
C.29	none
C.3	none
C.30	C.30.1
C.30.1	none
C.31	none
C.32	none
C.33	none
C.34	none
C.35	none
C.36	C.36.1,C.36.2,C.36.3,C.36.3.1
C.36.1	none
C.36.2	none
C.36.3	C.36.3.1
C.36.3.1	none
C.37	C.37.1
C.37.1	none
C.38	none
C.39	none
C.4	none
C.40	none
C.5	none
C.6	none
C.7	none
C.8	none
C.9	none
D.2	none
D.3	none
D.4	none
D.5	none
G.1	none
K.1	none
K.2	none
K.3	none
L.1	none
L.2	none
L.3	none
L.4	none
M.1	none
M.2	none
M.3	none
N.1	none
N.10	none
N.2	none
N.3	none
N.4	none
N.5	none
N.6	none
N.7	none
N.8	none
N.9	none
P.1	P.1.1,P.1.2,P.1.3,P.1.4,P.1.5,P.1.6,P.1.7,P.1.7.1,P.1.8,P.1.9,P.1.10,P.1.10.1,P.1.10.2,P.1.11,P.1.12,P.1.12.1,P.1.13,P.1.14,P.1.15,P.1.16,P.1.17,P.1.17.1
P.1.1	none
P.1.10	P.1.10.1,P.1.10.2
P.1.10.1	none
P.1.10.2	none
P.1.11	none
P.1.12	P.1.12.1
P.1.12.1	none
P.1.13	none
P.1.14	none
P.1.15	none
P.1.16	none
P.1.17	P.1.17.1
P.1.17.1	none
P.1.2	none
P.1.3	none
P.1.4	none
P.1.5	none
P.1.6	none
P.1.7	P.1.7.1
P.1.7.1	none
P.1.8	none
P.1.9	none
P.2	none
P.3	none
P.4	none
P.5	none
P.6	none
P.7	none
Q.1	none
Q.2	none
Q.3	none
Q.4	none
Q.5	none
Q.6	none
Q.7	none
Q.8	none
R.1	none
R.2	none
S.1	none
U.1	none
U.2	none
U.3	none
V.1	none
V.2	none
W.1	none
W.2	none
W.3	none
W.4	none
XA	none
XAA	none
XAB	none
XAC	none
XAD	none
XAE	none
XAF	none
XAG	none
XAH	none
XAJ	none
XAK	none
XAL	none
XAM	none
XAN	none
XAP	none
XAQ	none
XAR	none
XAS	none
XAT	none
XAU	none
XAV	none
XAW	none
XAY	none
XAZ	none
XB	none
XC	none
XD	none
XE	none
XF	none
XG	none
XH	none
XJ	none
XK	none
XL	none
XM	none
XN	none
XP	none
XQ	none
XR	none
XS	none
XT	none
XU	none
XV	none
XW	none
XY	none
XZ	none
Y.1	none
Z.1	none
